Song Take,Song Name,Ragam,Composer,Janya Number,Youtube Link
1,Maragatha-Manimaya,Aarabhi,Ootukada-Venkatasubaiyar,29,https://www.youtube.com/watch?v=y49vgKv5KLY&ab_channel=TrichurBrothers
2,Maragatha-Manimaya,Aarabhi,Ootukada-Venkatasubaiyar,29,https://www.youtube.com/watch?v=bgQrNjZRW3E&ab_channel=BombaySisters-Topic
1,Sadhinchane,Aarabhi,Thyagaraja,29,https://www.youtube.com/watch?v=zS0BiTRVTlk&ab_channel=NithyasreeMahadevan-Topic
2,Sadhinchane,Aarabhi,Thyagaraja,29,https://www.youtube.com/watch?v=xiSLwc_bvjw&ab_channel=SonyMusicIndiaVEVO
1,Sri-Saraswati-Namostute,Aarabhi,Mutthuswami-Dikshitar,29,https://www.youtube.com/watch?v=yV36tmyYwRA&ab_channel=CarnaticEcstasy
2,Sri-Saraswati-Namostute,Aarabhi,Mutthuswami-Dikshitar,29,https://www.youtube.com/watch?v=2EMt7-nj8JU&ab_channel=SoulfulChirps
1,Bhajare-Re-Maanasa,Abheri,Mysore-Vaasudevacharya,22,https://www.youtube.com/watch?v=CVjkhdzgH-s&ab_channel=SRINIVASDIXIT
2,Bhajare-Re-Maanasa,Abheri,Mysore-Vaasudevacharya,22,https://www.youtube.com/watch?v=LuGOW-3Nhbo&ab_channel=CarnaticEcstasy
1,Eppadi-Padinaro,Abheri,Suddhanandha-Bharathi,22,https://www.youtube.com/watch?v=bBeomj3NwmA&ab_channel=KalakendraMusic%26Dance
2,Eppadi-Padinaro,Abheri,Suddhanandha-Bharathi,22,https://www.youtube.com/watch?v=rGpdihssIBM&ab_channel=D.K.Pattammal-Topic
1,Nagumomu-Ganaleni,Abheri,Thyagaraja,22,https://www.youtube.com/watch?v=n3EhQyA_6v0&ab_channel=IndianCultureandClassicalMusic
2,Nagumomu-Ganaleni,Abheri,Thyagaraja,22,https://www.youtube.com/watch?v=TmZ5U9SfDNk&ab_channel=dartdisah
1,Nannu-Brovani,Abhogi,Thyagaraja,22,https://www.youtube.com/watch?v=5D7ZHX4_03Y&ab_channel=DDPodhigai
2,Nannu-Brovani,Abhogi,Thyagaraja,22,https://www.youtube.com/watch?v=DI3miAldsrw&ab_channel=UdupaFoundation
1,Sabhapathiku,Abhogi,Gopaalakrishna-Bharatiyar,22,https://www.youtube.com/watch?v=DFlNp3IN8yE&ab_channel=CarnaticEcstasy
2,Sabhapathiku,Abhogi,Gopaalakrishna-Bharatiyar,22,https://www.youtube.com/watch?v=yhAUtXYpe10&ab_channel=CarnaticEcstasy
1,Shree-Mahaganapathe,Abhogi,NS-Ramachandram,22,https://www.youtube.com/watch?v=QLLnUmByLNA&ab_channel=BmusicianStudios
2,Shree-Mahaganapathe,Abhogi,NS-Ramachandram,22,https://www.youtube.com/watch?v=E5jDLHd62Jg&ab_channel=SubramanianKrishnan
1,Mayamma-Anine,Ahiri,Shyama-Shastri,14,https://www.youtube.com/watch?v=omKw-Qf_sm0&ab_channel=SivasriSkandaprasad
2,Mayamma-Anine,Ahiri,Shyama-Shastri,14,https://www.youtube.com/watch?v=a3VMirToK88&ab_channel=T.M.Krishna-Topic
1,Challare,Ahiri,Thyagaraja,14,https://www.youtube.com/watch?v=Fbto_nI5sHM&ab_channel=CarnaticEcstasy
2,Challare,Ahiri,Thyagaraja,14,https://www.youtube.com/watch?v=nOb7b-cLPNs&ab_channel=SureshM
1,Aanadaamrutha,Amrithavarshini,Mutthuswami-Dikshitar,66,https://www.youtube.com/watch?v=re1bkxmee-Y&ab_channel=AnuradhaKrishnan
2,Aanadaamrutha,Amrithavarshini,Mutthuswami-Dikshitar,66,https://www.youtube.com/watch?v=VS3Im67HZnY&ab_channel=CarnaticEcstasy
1,Marivere-Gati,Ananda-Bhairavi,Shyama-Shastri,20,https://www.youtube.com/watch?v=Sk_HVTiWOIY&ab_channel=GopalakrishnanTV
2,Marivere-Gati,Ananda-Bhairavi,Shyama-Shastri,20,https://www.youtube.com/watch?v=tBzhvjCF3nQ&ab_channel=SanjaySubrahmanyan
1,O-Jagadamba,Ananda-Bhairavi,Shyama-Shastri,20,https://www.youtube.com/watch?v=oaaK0BM-MKc&ab_channel=SriranjaniSanthanagopalan
2,O-Jagadamba,Ananda-Bhairavi,Shyama-Shastri,20,https://www.youtube.com/watch?v=Ie_YdQNGOl0&ab_channel=SriRamakrishnanMurthy-Topic
1,Paluke-Bangara,Ananda-Bhairavi,Badrachala-Ramadas,20,https://www.youtube.com/watch?v=q-xDjJKTbaY&ab_channel=RagaAlapana
2,Paluke-Bangara,Ananda-Bhairavi,Badrachala-Ramadas,20,https://www.youtube.com/watch?v=51isFvFvhIc&ab_channel=SRINIVASDIXIT
1,Raga-Sudharasa,Andolika,Thyagaraja,28,https://www.youtube.com/watch?v=zw31FXNZEDs&ab_channel=SuswaraLahari%28NarayanKumar%29
2,Raga-Sudharasa,Andolika,Thyagaraja,28,https://www.youtube.com/watch?v=TRVVBK5l9hM&ab_channel=CarnaticClassicalManoramaMusic
1,Dasaratha-Nandana,Asaveri,Thyagaraja,8,https://www.youtube.com/watch?v=PvWLWL2wdUo&ab_channel=NarayananAP
2,Dasaratha-Nandana,Asaveri,Thyagaraja,8,https://www.youtube.com/watch?v=iwjgsyWJymY&ab_channel=SivasriSkandaprasad-Topic
1,Mapala-Velasika,Asaveri,Thyagaraja,8,https://www.youtube.com/watch?v=nVWnZMZl5gA&ab_channel=AmruthaVenkatesh
2,Mapala-Velasika,Asaveri,Thyagaraja,8,https://www.youtube.com/watch?v=Lqe69gt5Ayc&ab_channel=CarnaticEcstasy
1,Anupama-Gunaambudhi,Atana,Thyagaraja,29,https://www.youtube.com/watch?v=xygZLgEvC4A&ab_channel=ShajiMullookkaaran
2,Anupama-Gunaambudhi,Atana,Thyagaraja,29,https://www.youtube.com/watch?v=jsjKJRVaCno&ab_channel=SubramanianKrishnan
1,Bhaja-Maanasa,Bahudaari,Tulaseevanam,28,https://www.youtube.com/watch?v=Y7zlmrwpMJo&ab_channel=SonyMusicIndiaVEVO
2,Bhaja-Maanasa,Bahudaari,Tulaseevanam,28,https://www.youtube.com/watch?v=ay1qepl0YOo&ab_channel=CarnaticClassicalManoramaMusic
1,Brova-Bharama,Bahudaari,Thyagaraja,28,https://www.youtube.com/watch?v=2UvBVJLE1AM&ab_channel=MaxworthCapitalMarketServicesPrivateLimited
2,Brova-Bharama,Bahudaari,Thyagaraja,28,https://www.youtube.com/watch?v=HnqstRsEtRY&ab_channel=SreejithAk
1,Girirajasudha,Bangaala,Thyagaraja,29,https://www.youtube.com/watch?v=MC2yNrh5gr8&ab_channel=SanjaySubrahmanyan
2,Girirajasudha,Bangaala,Thyagaraja,29,https://www.youtube.com/watch?v=mNF58EPxUts&ab_channel=SubramanianKrishnan
1,Anudhinamunu,Begada,Poochi-Srinivas-Iyengar,29,https://www.youtube.com/watch?v=TWFPmIP3Brk&ab_channel=SrirangamRamaraj
2,Anudhinamunu,Begada,Poochi-Srinivas-Iyengar,29,https://www.youtube.com/watch?v=JfJh5sYP2OA&ab_channel=SuswaraLahari%28NarayanKumar%29
1,Shankari-Neeve,Begada,Subaraaya-Shastri,29,https://www.youtube.com/watch?v=-wYZH_8dDjQ&ab_channel=NZCarnaticMusic
2,Shankari-Neeve,Begada,Subaraaya-Shastri,29,https://www.youtube.com/watch?v=ZsFGFSw3-FU&ab_channel=sukumarcanada
1,Vallabha-Naayakasya,Begada,Mutthuswami-Dikshitar,29,https://www.youtube.com/watch?v=KjDWjkfm5fE&ab_channel=TrichurBrothers
2,Vallabha-Naayakasya,Begada,Mutthuswami-Dikshitar,29,https://www.youtube.com/watch?v=POFQNwNLtTc&ab_channel=MaxworthCapitalMarketServicesPrivateLimited
1,Irrakam-Varamal,Behag,Gopaalakrishna-Bharatiyar,29,https://www.youtube.com/watch?v=Ii525Nkxc80&ab_channel=ArchanaAarathi-CarnaticTwins
2,Irrakam-Varamal,Behag,Gopaalakrishna-Bharatiyar,29,https://www.youtube.com/watch?v=rjGlyDpvsxg&ab_channel=SangeethaRasika
1,Madi-Madi-Madi-Endu,Behag,Purandhara-Dhasa,29,https://www.youtube.com/watch?v=9lglYdIlQH4&ab_channel=SureshM
2,Madi-Madi-Madi-Endu,Behag,Purandhara-Dhasa,29,https://www.youtube.com/watch?v=c6sI_O0Xf9A&ab_channel=HaridasaHabba
1,Saramaina,Behag,Swati-Tirunal,29,https://www.youtube.com/watch?v=euIgXiWFggc&ab_channel=BombayJayashri-Topic
2,Saramaina,Behag,Swati-Tirunal,29,https://www.youtube.com/watch?v=NqBKZvuPriw&ab_channel=BombayJayashri-Topic
1,Sagara-Shayana-Vibho,Bhageshri,MD-Ramanathan,22,https://www.youtube.com/watch?v=hY8E4o55nX8&ab_channel=MadRasanaOfficial
2,Sagara-Shayana-Vibho,Bhageshri,MD-Ramanathan,22,https://www.youtube.com/watch?v=jl3jIWHi0-8&ab_channel=cacofonics
1,Lalithe-Shri,Bhairavi,Thyagaraja,20,https://www.youtube.com/watch?v=CFXcY1rqI6g&ab_channel=Ranjani-Gayatri
2,Lalithe-Shri,Bhairavi,Thyagaraja,20,https://www.youtube.com/watch?v=13iw9ZluVbY&ab_channel=CarnaticEcstasy
1,Upacaaramu-Cese,Bhairavi,Thyagaraja,20,https://www.youtube.com/watch?v=GML9oIDvtRs&ab_channel=CarnaticFan
2,Upacaaramu-Cese,Bhairavi,Thyagaraja,20,https://www.youtube.com/watch?v=X_0BaBntSqo&ab_channel=SaiShreyasK
1,Yaaro-Ivar-Yaaro,Bhairavi,Arunaachal-Kavi,20,https://www.youtube.com/watch?v=miDVqbLbPa0&ab_channel=MinnaMinni
2,Yaaro-Ivar-Yaaro,Bhairavi,Arunaachal-Kavi,20,https://www.youtube.com/watch?v=cHic3jezaRE&ab_channel=LavanyaSundararaman
1,Sen-Tiru-Velan,Bhavapriya,Koteeshwara-Iyer,44,https://www.youtube.com/watch?v=jUAG75c8M0k&ab_channel=SureshM
2,Sen-Tiru-Velan,Bhavapriya,Koteeshwara-Iyer,44,https://www.youtube.com/watch?v=ozaI40Lg3mY&list=OLAK5uy_nBLZ0RFtF4CdultzaQe2dz90HSJ_VkdWQ&index=61
1,Sadacaleshwaram,Bhupalam,Mutthuswami-Dikshitar,8,https://www.youtube.com/watch?v=QlpNbVDW2mE&ab_channel=Ranjani-Gayatri
2,Sadacaleshwaram,Bhupalam,Mutthuswami-Dikshitar,8,https://www.youtube.com/watch?v=-iwdCSb8gM8&ab_channel=MalladiBrothers-Topic
1,Ekadantam-bhajeham,Bilahari,Mutthuswami-Dikshitar,29,https://www.youtube.com/watch?v=4EhzNnb9M1Q&ab_channel=AmuthamMusic
2,Ekadantam-bhajeham,Bilahari,Mutthuswami-Dikshitar,29,https://www.youtube.com/watch?v=sVUEY4fCqnQ&ab_channel=CarnaticEcstasy
1,Kanugontini,Bilahari,Thyagaraja,29,https://www.youtube.com/watch?v=7VBp_DkwaF4&ab_channel=MohanKurup
2,Kanugontini,Bilahari,Thyagaraja,29,https://www.youtube.com/watch?v=Rnx9ATiwYIU&ab_channel=NadhamMusic
1,Paridaanamichite,Bilahari,Patnam-Subramanyam-Iyer,29,https://www.youtube.com/watch?v=QMRPYqNSb28&ab_channel=T.M.Krishna-Topic
2,Paridaanamichite,Bilahari,Patnam-Subramanyam-Iyer,29,https://www.youtube.com/watch?v=tAH01XF_otE&ab_channel=VivekRamanujan
1,Entamuddo,Bindumalini,Thyagaraja,16,https://www.youtube.com/watch?v=kVyYQgR8--E&ab_channel=SaregamaCarnaticClassical
2,Entamuddo,Bindumalini,Thyagaraja,16,https://www.youtube.com/watch?v=N-d5CfezuJc&ab_channel=CarnaticFever
1,Karuna-Nidhiye,Bowli,Papanasam-Shivan,15,https://www.youtube.com/watch?v=_0xKUWwVdVw&ab_channel=CarnaticClassicalManoramaMusic
2,Karuna-Nidhiye,Bowli,Papanasam-Shivan,15,https://www.youtube.com/watch?v=Q_8lJpONZkc&ab_channel=CarnaticClassicalManoramaMusic
1,Shreeman-NaaraayaNa,Bowli,Annamachaarya,15,https://www.youtube.com/watch?v=ees8CjomnhE&ab_channel=BombayJayashri-Topic
2,Shreeman-NaaraayaNa,Bowli,Annamachaarya,15,https://www.youtube.com/watch?v=mEhvS0hZkQo&ab_channel=AmuthamMusicVideos
1,Sri-Parvati,Bowli,Mutthuswami-Dikshitar,15,https://www.youtube.com/watch?v=dYWiiqSystk&ab_channel=Ranjani-Gayatri
2,Sri-Parvati,Bowli,Mutthuswami-Dikshitar,15,https://www.youtube.com/watch?v=rYOQcBcHsXM&ab_channel=ShobanaPrakash
1,Kaliyuga-Varadan,Brindavana-Saranga,Periyasaami-Tooran,22,https://www.youtube.com/watch?v=yub0Te7Jg6o&ab_channel=SudhaRagunathan-Topic
2,Kaliyuga-Varadan,Brindavana-Saranga,Periyasaami-Tooran,22,https://www.youtube.com/watch?v=TiPzfwHWqhA&ab_channel=CarnaticClassicalManoramaMusic
1,Kamalapthakula,Brindavana-Saranga,Periyasaami-Tooran,22,https://www.youtube.com/watch?v=WeBH5ZNrePg&ab_channel=TrichurBrothers
2,Kamalapthakula,Brindavana-Saranga,Periyasaami-Tooran,22,https://www.youtube.com/watch?v=44HUgWxBFX4&t=616s&ab_channel=Ranjani-Gayatri
1,Rangapura-Vihaara,Brindavana-Saranga,Mutthuswami-Dikshitar,22,https://www.youtube.com/watch?v=qM5axsVK7oA&ab_channel=Ashvita%27s
2,Rangapura-Vihaara,Brindavana-Saranga,Mutthuswami-Dikshitar,22,https://www.youtube.com/watch?v=wJHyfIzN1HU&ab_channel=AmuthamMusic
1,Enta-Matramuna,Brindavani,Annamachaarya,22,https://www.youtube.com/watch?v=Y3Zwqrrtt9s&ab_channel=BalakrishnaPrasadGarimella
2,Enta-Matramuna,Brindavani,Annamachaarya,22,https://www.youtube.com/watch?v=GmzthLTkmp0&ab_channel=SaregamaCarnaticClassical
1,Gajananayutam-Ganeshvaram,Chakravakam,Mutthuswami-Dikshitar,16,https://www.youtube.com/watch?v=9uO__fY4wvU&ab_channel=CarnaticEcstasy
2,Gajananayutam-Ganeshvaram,Chakravakam,Mutthuswami-Dikshitar,16,https://www.youtube.com/watch?v=7VmcpkMM6x0&ab_channel=EastCoast
1,Kanakankodi-Vendum,Chakravakam,Koteeshwara-Iyer,16,https://www.youtube.com/watch?v=ruY4NN2SXVU&ab_channel=SuswaraLahari%28NarayanKumar%29
2,Kanakankodi-Vendum,Chakravakam,Koteeshwara-Iyer,16,https://www.youtube.com/watch?v=fqpwTlu6Euo&ab_channel=PraapthiEvents
1,Sugunamule-Jeppukonti,Chakravakam,Mutthuswami-Dikshitar,16,https://www.youtube.com/watch?v=R7bFKxBuslo&ab_channel=SanjaySubrahmanyan
2,Sugunamule-Jeppukonti,Chakravakam,Mutthuswami-Dikshitar,16,https://www.youtube.com/watch?v=dTAdckCQj3I&ab_channel=KartheekSharma
1,Edaya-Gati,Chalanatai,Koteeshwara-Iyer,36,https://www.youtube.com/watch?v=GrwJBi-huaA&ab_channel=CharsurArtsFoundation
2,Edaya-Gati,Chalanatai,Koteeshwara-Iyer,36,https://www.youtube.com/watch?v=tsCiUgX9u1E
1,Baagaayanaya,Chandrajyoti,Thyagaraja,41,https://www.youtube.com/watch?v=XuhciZ381bI&ab_channel=SonyMusicIndiaVEVO
2,Baagaayanaya,Chandrajyoti,Thyagaraja,41,https://www.youtube.com/watch?v=Sur9k_IOGv4&ab_channel=NarayananAP
1,Shashi-Vadana,Chandrajyoti,Thyagaraja,41,https://www.youtube.com/watch?v=tME8bFn8pYo&ab_channel=AmruthaVenkatesh
2,Shashi-Vadana,Chandrajyoti,Thyagaraja,41,https://www.youtube.com/watch?v=Ic723nu8NsU&ab_channel=SuswaraLahari%28NarayanKumar%29
1,Aadamodi-Galade,Charukesi,Thyagaraja,26,https://www.youtube.com/watch?v=o4qRGPCT-KE&ab_channel=BombayJayashriRamnath
2,Aadamodi-Galade,Charukesi,Thyagaraja,26,https://www.youtube.com/watch?v=8y0ES4XC_o8&ab_channel=MusicToday
1,Samanyavalla,Charukesi,Purandhara-Dhasa,26,https://www.youtube.com/watch?v=JjDmmLYFalg&ab_channel=Ranjani-Gayatri
2,Samanyavalla,Charukesi,Purandhara-Dhasa,26,https://www.youtube.com/watch?v=Oy2qPT_7FpI&ab_channel=MusicToday
1,Saamagaanalola,Chitrambari,Koteeshwara-Iyer,66,https://www.youtube.com/watch?v=7ksYhn4b750&list=OLAK5uy_nBLZ0RFtF4CdultzaQe2dz90HSJ_VkdWQ&index=7
2,Saamagaanalola,Chitrambari,Koteeshwara-Iyer,66,https://www.youtube.com/watch?v=ETZ4AQ7-omU&ab_channel=S.Rajeswari-Topic
1,Naayakanai,Darbar,Andal,22,https://www.youtube.com/watch?v=OWcacgnO0E0&ab_channel=SouthIndianMusicAcademyLosAngeles
2,Naayakanai,Darbar,Andal,22,https://www.youtube.com/watch?v=fU54V1vbPUU&ab_channel=Saketharaman
1,Ramabhirama-Ramaneeya,Darbar,Thyagaraja,22,https://www.youtube.com/watch?v=Z8jGbUbwlv0&ab_channel=MaxworthCapitalMarketServicesPrivateLimited
2,Ramabhirama-Ramaneeya,Darbar,Thyagaraja,22,https://www.youtube.com/watch?v=LjZgJ0OsmSs&ab_channel=RatheeshRamachandran
1,Yochana,Darbar,Thyagaraja,22,https://www.youtube.com/watch?v=sroUqp7YPbI&ab_channel=SaRiGaMaPaDaNi_Videos
2,Yochana,Darbar,Thyagaraja,22,https://www.youtube.com/watch?v=iTa1Rilx6qM&ab_channel=RithvikRaja
1,Chandrachooda,Darbari-Kaanada,Purandhara-Dhasa,20,https://www.youtube.com/watch?v=CimWmQDheoM&ab_channel=BhaskaranShivaraman
2,Chandrachooda,Darbari-Kaanada,Purandhara-Dhasa,20,https://www.youtube.com/watch?v=RphpfzWZstE&ab_channel=CarnaticClassicalManoramaMusic
1,Govardhana-Giridhara,Darbari-Kaanada,Narayana-Teertar,20,https://www.youtube.com/watch?v=-Ln5lefMpkA&ab_channel=AdorableIndia
2,Govardhana-Giridhara,Darbari-Kaanada,Narayana-Teertar,20,https://www.youtube.com/watch?v=Xz-cq95zNt0&ab_channel=SpoorthiRao
1,Nanda-Nandana,Desh,Lalita-Daasar,28,https://www.youtube.com/watch?v=V61HmSds_VI&ab_channel=musiquebox
2,Nanda-Nandana,Desh,Lalita-Daasar,28,https://www.youtube.com/watch?v=iSCMNJs9QgE&ab_channel=INRECOTamilFilmEvergreenNostalgicSongs
1,Tunbam-Nergaiyil,Desh,Subramania-Bharathi,28,https://www.youtube.com/watch?v=_F-gXUUL3_g&ab_channel=SanjaySubrahmanyan
2,Tunbam-Nergaiyil,Desh,Subramania-Bharathi,28,https://www.youtube.com/watch?v=P5LqpVy53Sw&ab_channel=AmuthamMusic
1,Balakrishnan,Dhanyasi,Papanasam-Shivan,8,https://www.youtube.com/watch?v=4RwuY8lU1nk&ab_channel=AmruthaVenkatesh
2,Balakrishnan,Dhanyasi,Papanasam-Shivan,8,https://www.youtube.com/watch?v=ABRBwIqbEfQ&ab_channel=SunaadhaKrishnaAmai
1,Meenalochana-Brova,Dhanyasi,Shyama-Shastri,8,https://www.youtube.com/watch?v=ZPQ76IIVMBM&list=PLG_Yzqd_RqR0MjTbiWkXDwvqB4Z71o1qk&index=88&ab_channel=AmruthaVenkatesh
2,Meenalochana-Brova,Dhanyasi,Shyama-Shastri,8,https://www.youtube.com/watch?v=VfRVkHiNlIQ&ab_channel=KRISN
1,Sangeetha-Gnanamu,Dhanyasi,Thyagaraja,8,https://www.youtube.com/watch?v=s3FdCs1X2fs&list=PLG_Yzqd_RqR0MjTbiWkXDwvqB4Z71o1qk&index=26&ab_channel=AmruthaVenkatesh
2,Sangeetha-Gnanamu,Dhanyasi,Thyagaraja,8,https://www.youtube.com/watch?v=HUPzGUxcVPM&ab_channel=Thyagaraja-Topic
1,Ododi-Vanden-Kanna,Dharmavati,Ambujam-Krishna,59,https://www.youtube.com/watch?v=-JHbFsvweY4&ab_channel=SriSathyanathan
2,Ododi-Vanden-Kanna,Dharmavati,Ambujam-Krishna,59,https://www.youtube.com/watch?v=yZTcftwl5d4&ab_channel=SureshM
1,Parandhamavati,Dharmavati,Mutthuswami-Dikshitar,59,https://www.youtube.com/watch?v=FAfuyDXs1Vc&ab_channel=SubramanianKrishnan
2,Parandhamavati,Dharmavati,Mutthuswami-Dikshitar,59,https://www.youtube.com/watch?v=8CrSply7oDk&ab_channel=SubramanianKrishnan
1,Ramacandrasya,Dharmavati,Mutthuswami-Dikshitar,59,https://www.youtube.com/watch?v=IVLNxvXtQlU&ab_channel=SuswaraLahari%28NarayanKumar%29
2,Ramacandrasya,Dharmavati,Mutthuswami-Dikshitar,59,https://www.youtube.com/watch?v=b9YiwW7K0J8&ab_channel=SubramanianKrishnan
1,Sukhakara,Dhatuvardhini,Koteeshwara-Iyer,69,https://www.youtube.com/watch?v=plcBcGBbe4c&ab_channel=PraapthiEvents
2,Sukhakara,Dhatuvardhini,Koteeshwara-Iyer,69,https://www.youtube.com/watch?v=w5oOk57QUtQ&list=OLAK5uy_nBLZ0RFtF4CdultzaQe2dz90HSJ_VkdWQ&index=41
1,Kaarunya-Kanda,Dhavalambari,Koteeshwara-Iyer,49,https://www.youtube.com/watch?v=Bd7lVDlU9I8&ab_channel=SureshM
2,Kaarunya-Kanda,Dhavalambari,Koteeshwara-Iyer,49,https://www.youtube.com/watch?v=m5UDSCZ42AE&ab_channel=ParivadiniMusic
1,Karunai-Kadale,Dhenuka,Koteeshwara-Iyer,9,https://www.youtube.com/watch?v=7vbhdErF-Mw&ab_channel=PraapthiEvents
2,Karunai-Kadale,Dhenuka,Koteeshwara-Iyer,9,https://www.youtube.com/watch?v=_K3hGQgzelk&ab_channel=S.Rajam-Topic
1,Teliyaleru-Rama,Dhenuka,Thyagaraja,9,https://www.youtube.com/watch?v=NocL9bp4vIY&ab_channel=FirstEditionArtsChannel
2,Teliyaleru-Rama,Dhenuka,Thyagaraja,9,https://www.youtube.com/watch?v=3gR6-JvCEXA&ab_channel=BombayJayashri-Topic
1,Appa-Murugayane,Divyamani,Koteeshwara-Iyer,48,https://www.youtube.com/watch?v=Z6SPlyR-VdE&list=OLAK5uy_nBLZ0RFtF4CdultzaQe2dz90HSJ_VkdWQ&index=13
2,Appa-Murugayane,Divyamani,Koteeshwara-Iyer,48,https://www.youtube.com/watch?v=XNTpflKDtsE&ab_channel=SureshM
1,Akhilandeshwari,Dwajavanti,Mutthuswami-Dikshitar,28,https://www.youtube.com/watch?v=3iP07j-5LLA&ab_channel=MusicToday
2,Akhilandeshwari,Dwajavanti,Mutthuswami-Dikshitar,28,https://www.youtube.com/watch?v=i6tSNRNfCyo&ab_channel=TrichurBrothers
1,Cheta-Sri,Dwajavanti,Mutthuswami-Dikshitar,28,https://www.youtube.com/watch?v=AAANau_xVPM
2,Cheta-Sri,Dwajavanti,Mutthuswami-Dikshitar,28,https://www.youtube.com/watch?v=5SgB3nQ6Q2g&ab_channel=MaxworthCapitalMarketServicesPrivateLimited
1,Taruni-Njan,Dwajavanti,Swati-Tirunal,28,https://www.youtube.com/watch?v=022QQ-bxcIY
2,Taruni-Njan,Dwajavanti,Swati-Tirunal,28,https://www.youtube.com/watch?v=uolgKyN895E&ab_channel=AishwaryaVidhyaRaghunath
1,Ihame-Sukham,Gamanashrama,Koteeshwara-Iyer,53,https://www.youtube.com/watch?v=wY70WTF9WS4&ab_channel=RajNamboodiri
2,Ihame-Sukham,Gamanashrama,Koteeshwara-Iyer,53,https://www.youtube.com/watch?v=QtGZdiH_zYE&ab_channel=SureshM
1,Shree-Jalandhara,Gambhira-Nattai,Mutthuswami-Dikshitar,36,https://www.youtube.com/watch?v=lebHEcEmOso&ab_channel=LavanyaSundararaman
2,Shree-Jalandhara,Gambhira-Nattai,Mutthuswami-Dikshitar,36,https://www.youtube.com/watch?v=vOsTVxH_ZlE&ab_channel=SadhuCiyaram
1,Shree-Vignarajam,Gambhira-Nattai,Ootukada-Venkatasubaiyar,36,https://www.youtube.com/watch?v=BoAs05YjXsc&list=PLkCqsZqFoDzqtFWMdQLffRg4lyjJ1sBcp&ab_channel=TrichurBrothers
2,Shree-Vignarajam,Gambhira-Nattai,Ootukada-Venkatasubaiyar,36,https://www.youtube.com/watch?v=P-lLiYa1uF8
1,Ganamurte,Ganamurti,Thyagaraja,3,https://www.youtube.com/watch?v=X2UORRf8xoU&ab_channel=SanjaySubrahmanyan
2,Ganamurte,Ganamurti,Thyagaraja,3,https://www.youtube.com/watch?v=TlSSn3DLyAs&ab_channel=CarnaticEcstasy
1,Maa-Madhura,Ganamurti,Koteeshwara-Iyer,3,https://www.youtube.com/watch?v=mKCDzv0U8uk&ab_channel=S.Rajam-Topic
2,Maa-Madhura,Ganamurti,Koteeshwara-Iyer,3,https://www.youtube.com/watch?v=OEcnUJJZOiE&ab_channel=SubramanianKrishnan
1,Ninai-Maname-Nee,Gangayabhushani,Koteeshwara-Iyer,33,https://www.youtube.com/watch?v=2Ir8Q8p-aMg&list=OLAK5uy_nBLZ0RFtF4CdultzaQe2dz90HSJ_VkdWQ&index=38
2,Ninai-Maname-Nee,Gangayabhushani,Koteeshwara-Iyer,33,https://www.youtube.com/watch?v=qzlWESBvUsA&ab_channel=PraapthiEvents
1,Tatvameruga-Tarama,Garudadhvani,Thyagaraja,29,https://www.youtube.com/watch?v=v86ij5VhreU&ab_channel=CarnaticEcstasy
2,Tatvameruga-Tarama,Garudadhvani,Thyagaraja,29,https://www.youtube.com/watch?v=iKHhUAkrlFM&ab_channel=SuswaraLahari%28NarayanKumar%29
1,Naada-Nilai,Gayakapriya,Koteeshwara-Iyer,13,https://www.youtube.com/watch?v=lRV6s3YGaXU&ab_channel=CharsurArtsFoundation
2,Naada-Nilai,Gayakapriya,Koteeshwara-Iyer,13,https://www.youtube.com/watch?v=q6jO5c9-nng&list=OLAK5uy_nBLZ0RFtF4CdultzaQe2dz90HSJ_VkdWQ&index=8
1,Sri-Kamalambike,Ghanta,Mutthuswami-Dikshitar,8,https://www.youtube.com/watch?v=DZ2D1TR13ck&ab_channel=SuswaraLahari%28NarayanKumar%29
2,Sri-Kamalambike,Ghanta,Mutthuswami-Dikshitar,8,https://www.youtube.com/watch?v=f_4qU9hXjFI&ab_channel=SanjaySubrahmanyan
1,Viraivaagave,Ghavambhodi,Koteeshwara-Iyer,43,https://www.youtube.com/watch?v=hrEFjsuQ0G8&ab_channel=SubramanianKrishnan
2,Viraivaagave,Ghavambhodi,Koteeshwara-Iyer,43,https://www.youtube.com/watch?v=gWfuuVUtdeQ&list=OLAK5uy_nBLZ0RFtF4CdultzaQe2dz90HSJ_VkdWQ&index=73
1,Duduku-Gala,Gowlai,Thyagaraja,15,https://www.youtube.com/watch?v=987mYPYmnG0&ab_channel=SonyMusicIndiaVEVO
2,Duduku-Gala,Gowlai,Thyagaraja,15,https://www.youtube.com/watch?v=BjhmEjpUcvk&ab_channel=NithyasreeMahadevan-Topic
1,Pranamamyaham,Gowlai,Mysore-Vaasudevacharya,15,https://www.youtube.com/watch?v=rEd79RYv7C0&ab_channel=SwaraR%C4%81gaSudh%C4%81mrutham
2,Pranamamyaham,Gowlai,Mysore-Vaasudevacharya,15,https://www.youtube.com/watch?v=3lY0bcwmql8&ab_channel=SubramanianKrishnan
1,Shri-Mahaganapathi,Gowlai,Mutthuswami-Dikshitar,15,https://www.youtube.com/watch?v=QIKaU1H2JV4&ab_channel=HOPEADTV
2,Shri-Mahaganapathi,Gowlai,Mutthuswami-Dikshitar,15,https://www.youtube.com/watch?v=2tXBagvTS-M&ab_channel=SureshM
1,Gowri-Manohara,Gowri-Manohari,Papanasam-Shivan,23,https://www.youtube.com/watch?v=hZ7Zue1wS4U&ab_channel=AmuthamMusic
2,Gowri-Manohara,Gowri-Manohari,Papanasam-Shivan,23,https://www.youtube.com/watch?v=3k7PvWFDSUA&ab_channel=CarnaticKutcheriWorld
1,Manamu-Leda,Hamir-Kalyani,Thyagaraja,65,https://www.youtube.com/watch?v=rqSEWXP_1kg&ab_channel=SuswaraLahari%28NarayanKumar%29
2,Manamu-Leda,Hamir-Kalyani,Thyagaraja,65,https://www.youtube.com/watch?v=XpVSkoEk-28&ab_channel=SubramanianKrishnan
1,Parimala-Ranganatha,Hamir-Kalyani,Mutthuswami-Dikshitar,65,https://www.youtube.com/watch?v=SWggOrhVsIc&ab_channel=SuswaraLahari%28NarayanKumar%29
2,Parimala-Ranganatha,Hamir-Kalyani,Mutthuswami-Dikshitar,65,https://www.youtube.com/watch?v=SXwhIeli9ps&ab_channel=SubramanianKrishnan
1,Thumani-Maadathu,Hamir-Kalyani,Andal,65,https://www.youtube.com/watch?v=8SAtaH5ZB8k&ab_channel=MadRasanaOfficial
2,Thumani-Maadathu,Hamir-Kalyani,Andal,65,https://www.youtube.com/watch?v=jV9tzZq5E8k&ab_channel=DeepikaVaradarajan
1,Pahi-Jaga-Janani,Hamsaanandi,Swati-Tirunal,53,https://www.youtube.com/watch?v=D1s8TAvvmeU&ab_channel=SubramanianKrishnan
2,Pahi-Jaga-Janani,Hamsaanandi,Swati-Tirunal,53,https://www.youtube.com/watch?v=K4BWMVBuc6c&ab_channel=Ranjani-Gayatri-Topic
1,Pavana-Guru,Hamsaanandi,Lalita-Daasar,53,https://www.youtube.com/watch?v=EI7h0syNqdA&ab_channel=CarnaticEcstasy
2,Pavana-Guru,Hamsaanandi,Lalita-Daasar,53,https://www.youtube.com/watch?v=qAU3D5LLXaw&ab_channel=CarnaticClassicalManoramaMusic
1,Srinivasa-Thiruvenkata,Hamsaanandi,Papanasam-Shivan,53,https://www.youtube.com/watch?v=OcACiYpb6LY&ab_channel=SreejithAk
2,Srinivasa-Thiruvenkata,Hamsaanandi,Papanasam-Shivan,53,https://www.youtube.com/watch?v=VaWPYssuyyY&ab_channel=SubramanianKrishnan
1,Gajavadhana-Bedhuve,Hamsadhwani,Purandhara-Dhasa,29,https://www.youtube.com/watch?v=ZVMBqpDY-Bg&ab_channel=CarnaticEcstasy
2,Gajavadhana-Bedhuve,Hamsadhwani,Purandhara-Dhasa,29,https://www.youtube.com/watch?v=ubhwt_MJilk&ab_channel=AdorableIndia
1,Vaathapi,Hamsadhwani,Mutthuswami-Dikshitar,29,https://www.youtube.com/watch?v=2su0ZhKi12I&ab_channel=BengalFoundation
2,Vaathapi,Hamsadhwani,Mutthuswami-Dikshitar,29,https://www.youtube.com/watch?v=oiFsgjz4v2Y&ab_channel=CarnaticClassicalManoramaMusic
1,Varanamukhava,Hamsadhwani,Koteeshwara-Iyer,29,https://www.youtube.com/watch?v=4I2cheAxppI&ab_channel=RathnaPrabhaMusic
2,Varanamukhava,Hamsadhwani,Koteeshwara-Iyer,29,https://www.youtube.com/watch?v=O9LL2r791M0&ab_channel=WOWSTUDIOZ
1,Bantureethi,Hamsanaadam,Thyagaraja,60,https://www.youtube.com/watch?v=nugH9PSpDBI&ab_channel=Karnatik
2,Bantureethi,Hamsanaadam,Thyagaraja,60,https://www.youtube.com/watch?v=aKwJXMEFXhk&ab_channel=CarnaticEcstasy
1,Kalyana-Rama,Hamsanaadam,Ootukada-Venkatasubaiyar,60,https://www.youtube.com/watch?v=zUnFnTHDMAw&ab_channel=GayathriVenkataraghavan
2,Kalyana-Rama,Hamsanaadam,Ootukada-Venkatasubaiyar,60,https://www.youtube.com/watch?v=1LZQUtsRwUA&ab_channel=ClassicallyIndian
1,Dinamani-Vamsa,Harikambhoji,Thyagaraja,28,https://www.youtube.com/watch?v=kM03606EyfM&ab_channel=TheCarnaticEcstasy
2,Dinamani-Vamsa,Harikambhoji,Thyagaraja,28,https://www.youtube.com/watch?v=EX2IhiuFXDA&ab_channel=SuswaraLahari%28NarayanKumar%29
1,Enadu-Manam,Harikambhoji,Papanasam-Shivan,28,https://www.youtube.com/watch?v=AfFNQOwSvHI&ab_channel=SanjaySubrahmanyan
2,Enadu-Manam,Harikambhoji,Papanasam-Shivan,28,https://www.youtube.com/watch?v=jZrNt5GSg10&ab_channel=CarnaticKutcheriWorld
1,Rama-Nannu-Brovara,Harikambhoji,Thyagaraja,28,https://www.youtube.com/watch?v=UnXYkqXDQNs&list=PLG_Yzqd_RqR0MjTbiWkXDwvqB4Z71o1qk&index=30&ab_channel=AmruthaVenkatesh
2,Rama-Nannu-Brovara,Harikambhoji,Thyagaraja,28,https://www.youtube.com/watch?v=1xklCtoi9Rg&ab_channel=musiquebox
1,Aalaagaada,Hatakambari,Koteeshwara-Iyer,18,https://www.youtube.com/watch?v=iY-G0b9zj50&ab_channel=VijayalakshmySubramaniam-Topic
2,Aalaagaada,Hatakambari,Koteeshwara-Iyer,18,https://www.youtube.com/watch?v=LUG59ztnEk0&list=OLAK5uy_nBLZ0RFtF4CdultzaQe2dz90HSJ_VkdWQ&index=68
1,Hariharayuvathim,Hemavati,Mutthuswami-Dikshitar,58,https://www.youtube.com/watch?v=ayoBJA8T1u0&ab_channel=SureshM
2,Hariharayuvathim,Hemavati,Mutthuswami-Dikshitar,58,https://www.youtube.com/watch?v=04083GXkxjE
1,Nee-Sarisati,Hemavati,Thyagaraja,58,https://www.youtube.com/watch?v=fHO2A-pNHzs&ab_channel=TheRemasteringChannel
2,Nee-Sarisati,Hemavati,Thyagaraja,58,https://www.youtube.com/watch?v=YuWK4Q2o02k&ab_channel=SureshM
1,Sri-Kanthimathim,Hemavati,Mutthuswami-Dikshitar,58,https://www.youtube.com/watch?v=6VSPgSqJ-ek&ab_channel=balamusic
2,Sri-Kanthimathim,Hemavati,Mutthuswami-Dikshitar,58,https://www.youtube.com/watch?v=MbtUNrUFIoo&ab_channel=CarnaticEcstasy
1,Govardhana-Girisham,Hindolam,Mutthuswami-Dikshitar,20,https://www.youtube.com/watch?v=INFhj0CjyXQ&ab_channel=Ranjani-Gayatri
2,Govardhana-Girisham,Hindolam,Mutthuswami-Dikshitar,20,https://www.youtube.com/watch?v=M9D3ZYVFe24&ab_channel=SuswaraLahari%28NarayanKumar%29
1,Mamavathu-Sri,Hindolam,Mysore-Vaasudevacharya,20,https://www.youtube.com/watch?v=pVO0VJBv0GQ&ab_channel=AmuthamMusic
2,Mamavathu-Sri,Hindolam,Mysore-Vaasudevacharya,20,https://www.youtube.com/watch?v=a5HNxUswR3A&ab_channel=SubramanianKrishnan
1,Samajavaragamana,Hindolam,Thyagaraja,20,https://www.youtube.com/watch?v=Lyxust_73Bo&ab_channel=MaxworthCapitalMarketServicesPrivateLimited
2,Samajavaragamana,Hindolam,Thyagaraja,20,https://www.youtube.com/watch?v=gn1-1aemSrY&ab_channel=CarnaticClassicalManoramaMusic
1,Eppadi-Manam-Thunindhadho,Huseni,Arunaachal-Kavi,22,https://www.youtube.com/watch?v=1_oFGsiUY9k&list=PLG_Yzqd_RqR0MjTbiWkXDwvqB4Z71o1qk&index=43&ab_channel=AmruthaVenkatesh
2,Eppadi-Manam-Thunindhadho,Huseni,Arunaachal-Kavi,22,https://www.youtube.com/watch?v=kYWr2N4cDbI&ab_channel=M.S.Subbalakshmi-Topic
1,Raghuvira-Ranadira,Huseni,Thyagaraja,22,https://www.youtube.com/watch?v=_vGa3SwCnOc&ab_channel=NithyasreeMahadevan-Topic
2,Raghuvira-Ranadira,Huseni,Thyagaraja,22,https://www.youtube.com/watch?v=Saxi0HxQo5s&ab_channel=SubramanianKrishnan
1,Shri-Kalahasteesha,Huseni,Mutthuswami-Dikshitar,22,https://www.youtube.com/watch?v=5JgxHp9bShU&ab_channel=T.M.Krishna
2,Shri-Kalahasteesha,Huseni,Mutthuswami-Dikshitar,22,https://www.youtube.com/watch?v=wPp18Kz04Lk&ab_channel=PantulaRama
1,Shivakaama-Sundari,Jaganmohini,Gopaalakrishna-Bharatiyar,15,https://www.youtube.com/watch?v=iVq7LzwpR1o
2,Shivakaama-Sundari,Jaganmohini,Gopaalakrishna-Bharatiyar,15,https://www.youtube.com/watch?v=m8Xjp8aFwqA
1,Shobilu-Saptaswara,Jaganmohini,Thyagaraja,15,https://www.youtube.com/watch?v=JmnXPVPGM7Q
2,Shobilu-Saptaswara,Jaganmohini,Thyagaraja,15,https://www.youtube.com/watch?v=apQ8SeLJne0
1,Kanaka-Mayoora,Jalarnavam,Koteeshwara-Iyer,38,https://www.youtube.com/watch?v=-IW5PCO6VL0
2,Kanaka-Mayoora,Jalarnavam,Koteeshwara-Iyer,38,https://www.youtube.com/watch?v=4jlWW3IwuhY&list=OLAK5uy_nBLZ0RFtF4CdultzaQe2dz90HSJ_VkdWQ&index=63
1,Pahimam-Sri,Janaranjani,Maha-Vaidhyanatha-Iyer,29,https://www.youtube.com/watch?v=t141V7Q87IA
2,Pahimam-Sri,Janaranjani,Maha-Vaidhyanatha-Iyer,29,https://www.youtube.com/watch?v=8ZAFHnY-TAg
1,Vidajaladura,Janaranjani,Thyagaraja,29,https://www.youtube.com/watch?v=Ejhn909pr3o
2,Vidajaladura,Janaranjani,Thyagaraja,29,https://www.youtube.com/watch?v=I89Y9K6flp0
1,Marugelara,Jayantashri,Thyagaraja,20,https://www.youtube.com/watch?v=p_NfRHr3H34
2,Marugelara,Jayantashri,Thyagaraja,20,https://www.youtube.com/watch?v=-9IPngnm64w
1,Anatharakshaka,Jhalavarali,Koteeshwara-Iyer,39,https://www.youtube.com/watch?v=AnIVrAnW9uo
2,Anatharakshaka,Jhalavarali,Koteeshwara-Iyer,39,https://www.youtube.com/watch?v=RWHhkCW26rI&list=OLAK5uy_nBLZ0RFtF4CdultzaQe2dz90HSJ_VkdWQ&index=51
1,Varam-Tarum,Jhankaradhwani,Koteeshwara-Iyer,19,https://www.youtube.com/watch?v=rBoDa3eNG_w&list=OLAK5uy_nBLZ0RFtF4CdultzaQe2dz90HSJ_VkdWQ&index=10
2,Varam-Tarum,Jhankaradhwani,Koteeshwara-Iyer,19,https://www.youtube.com/watch?v=LxF6ylUGY3w
1,Aandavan-Darishaname,Jonpuri,Muttiah-Bhagavathar,20,https://www.youtube.com/watch?v=Trs5FQvO0hQ
2,Aandavan-Darishaname,Jonpuri,Muttiah-Bhagavathar,20,https://www.youtube.com/watch?v=bcFdFKlfSgY
1,Ashai-Mukham-Marandu,Jonpuri,Subramania-Bharathi,20,https://www.youtube.com/watch?v=a8oFPGIoLjA
2,Ashai-Mukham-Marandu,Jonpuri,Subramania-Bharathi,20,https://www.youtube.com/watch?v=SzHEG8UrtOk
1,Eppo-Varuvaro,Jonpuri,Gopaalakrishna-Bharatiyar,20,https://www.youtube.com/watch?v=-c7evse4lGI
2,Eppo-Varuvaro,Jonpuri,Gopaalakrishna-Bharatiyar,20,https://www.youtube.com/watch?v=Zt_YHL0071k
1,Ganamuda-Paanam,Jyoti,Koteeshwara-Iyer,68,https://www.youtube.com/watch?v=3MT5bRddbWU
2,Ganamuda-Paanam,Jyoti,Koteeshwara-Iyer,68,https://www.youtube.com/watch?v=jWtZZ_tdZ4I
1,Alaipayathue,Kaanada,Ootukada-Venkatasubaiyar,22,https://www.youtube.com/watch?v=Zv4ldTJu6Ow&list=PLkCqsZqFoDzqtFWMdQLffRg4lyjJ1sBcp&index=3&ab_channel=TrichurBrothers
2,Alaipayathue,Kaanada,Ootukada-Venkatasubaiyar,22,https://www.youtube.com/watch?v=WDz2cpgi12U
1,Mamavasadha-Janani,Kaanada,Swati-Tirunal,22,https://www.youtube.com/watch?v=HghCTxh9p0Y
2,Mamavasadha-Janani,Kaanada,Swati-Tirunal,22,https://www.youtube.com/watch?v=dcN59nE8jUk
1,Nee-Allaal-Ini,Kaanada,GN-Balasubramaniam,22,https://www.youtube.com/watch?v=NDElaR4j-bo
2,Nee-Allaal-Ini,Kaanada,GN-Balasubramaniam,22,https://www.youtube.com/watch?v=euVb8dqsXhA
1,Naadasukham-Tarum,Kaantamani,Koteeshwara-Iyer,61,https://www.youtube.com/watch?v=gT9VF1Qk3R8&list=OLAK5uy_nBLZ0RFtF4CdultzaQe2dz90HSJ_VkdWQ&index=67
2,Naadasukham-Tarum,Kaantamani,Koteeshwara-Iyer,61,https://www.youtube.com/watch?v=lcYfUgJ9lhY
1,Giripriyam-Gangadharam,Kadanakuthalam,Muttiah-Bhagavathar,29,https://www.youtube.com/watch?v=vkggWbqTmqY
2,Giripriyam-Gangadharam,Kadanakuthalam,Muttiah-Bhagavathar,29,https://www.youtube.com/watch?v=yFAy-8i8Yfw
1,Raghuvamsa-Sudha,Kadanakuthalam,Patnam-Subramanyam-Iyer,29,https://www.youtube.com/watch?v=haEwHSgbmOA
2,Raghuvamsa-Sudha,Kadanakuthalam,Patnam-Subramanyam-Iyer,29,https://www.youtube.com/watch?v=F5zCVJF3pt0
1,Nadalodudhai,Kalyana-Vasantham,Thyagaraja,21,https://www.youtube.com/watch?v=ALf7hR57qTk
2,Nadalodudhai,Kalyana-Vasantham,Thyagaraja,21,https://www.youtube.com/watch?v=I9fj9itdJQ8
1,Etavunara,Kalyani,Thyagaraja,65,https://www.youtube.com/watch?v=LHlhK_cIw_o
2,Etavunara,Kalyani,Thyagaraja,65,https://www.youtube.com/watch?v=ehsEkwDvhug
1,Himadhri-Suthe,Kalyani,Shyama-Shastri,65,https://www.youtube.com/watch?v=OMEcufy_YXo
2,Himadhri-Suthe,Kalyani,Shyama-Shastri,65,https://www.youtube.com/watch?v=unwsa6_TA28
1,Pankaja-Lochana,Kalyani,Swati-Tirunal,65,https://www.youtube.com/watch?v=UVI3IFjPsWo
2,Pankaja-Lochana,Kalyani,Swati-Tirunal,65,https://www.youtube.com/watch?v=8dXVCMfTMvI
1,Kanchadalayataksi,Kamala-Manohari,Mutthuswami-Dikshitar,27,https://www.youtube.com/watch?v=yYfOX3ahZGI
2,Kanchadalayataksi,Kamala-Manohari,Mutthuswami-Dikshitar,27,https://www.youtube.com/watch?v=UheP3XXpWrw
1,Ka-Murugaiyya,Kamavardhini,Koteeshwara-Iyer,51,https://www.youtube.com/watch?v=Xg_Q3Sz3Cz4&list=OLAK5uy_nBLZ0RFtF4CdultzaQe2dz90HSJ_VkdWQ&index=47
2,Ka-Murugaiyya,Kamavardhini,Koteeshwara-Iyer,51,https://www.youtube.com/watch?v=ecn748scNbU
1,Kailasa-Nathena,Kambhoji,Mutthuswami-Dikshitar,28,https://www.youtube.com/watch?v=ScS0kpVI7dM
2,Kailasa-Nathena,Kambhoji,Mutthuswami-Dikshitar,28,https://www.youtube.com/watch?v=XRZdz69nBpc
1,Maa-Janaki,Kambhoji,Thyagaraja,28,https://www.youtube.com/watch?v=JWKrewIt5t8
2,Maa-Janaki,Kambhoji,Thyagaraja,28,https://www.youtube.com/watch?v=hRb2JEmVq6U
1,Thiruvadi-Charanam,Kambhoji,Gopaalakrishna-Bharatiyar,28,https://www.youtube.com/watch?v=ycnVhYEtji4
2,Thiruvadi-Charanam,Kambhoji,Gopaalakrishna-Bharatiyar,28,https://www.youtube.com/watch?v=CcohVRUVOQc
1,Kanakangaka,Kanakangi,Koteeshwara-Iyer,1,https://www.youtube.com/watch?v=2JBWFTQRM9g&list=OLAK5uy_nBLZ0RFtF4CdultzaQe2dz90HSJ_VkdWQ&index=4
2,Kanakangaka,Kanakangi,Koteeshwara-Iyer,1,https://www.youtube.com/watch?v=R1uelKyqMEY
1,Kanakambari,Kanakangi,Mutthuswami-Dikshitar,1,https://www.youtube.com/watch?v=wTd6UjyDLtI
2,Kanakambari,Kanakangi,Mutthuswami-Dikshitar,1,https://www.youtube.com/watch?v=6dZxprn6w1s
1,Shri-Gananatham,Kanakangi,Thyagaraja,1,https://www.youtube.com/watch?v=wvhca5eGl9Q
2,Shri-Gananatham,Kanakangi,Thyagaraja,1,https://www.youtube.com/watch?v=LJF3F7toOfU
1,Sharavanabhava-Guhane,Kannada,Papanasam-Shivan,29,https://www.youtube.com/watch?v=oBPyWpgZcWM
2,Sharavanabhava-Guhane,Kannada,Papanasam-Shivan,29,https://www.youtube.com/watch?v=hDKSMajOYJs
1,Shri-Matrubhootam,Kannada,Mutthuswami-Dikshitar,29,https://www.youtube.com/watch?v=BPjeR1aCnqc
2,Shri-Matrubhootam,Kannada,Mutthuswami-Dikshitar,29,https://www.youtube.com/watch?v=ELwpqpIrE0A
1,Aravinda-Padamalar,Kapi,Ambujam-Krishna,22,https://www.youtube.com/watch?v=2D5TIozt7uA
2,Aravinda-Padamalar,Kapi,Ambujam-Krishna,22,https://www.youtube.com/watch?v=hkVLkc_3s4c
1,Enna-Thavam,Kapi,Papanasam-Shivan,22,https://www.youtube.com/watch?v=uigO5QjGz7w
2,Enna-Thavam,Kapi,Papanasam-Shivan,22,https://www.youtube.com/watch?v=qdWbglDS3qs
1,Intha-Sowkya,Kapi,Thyagaraja,22,https://www.youtube.com/watch?v=ajcPhAbeZZw
2,Intha-Sowkya,Kapi,Thyagaraja,22,https://www.youtube.com/watch?v=IajMEpvFsE8
1,Sarasa-Samadana,Kapi-Narayani,Thyagaraja,28,https://www.youtube.com/watch?v=ZSsiWR4W5wA
2,Sarasa-Samadana,Kapi-Narayani,Thyagaraja,28,https://www.youtube.com/watch?v=qg5gCtfrHfM
1,Om-Namo-Narayana,Karnaranjani,Ambujam-Krishna,22,https://www.youtube.com/watch?v=YrYthysoooU
2,Om-Namo-Narayana,Karnaranjani,Ambujam-Krishna,22,https://www.youtube.com/watch?v=NjDcFC3seio
1,Vanchathonuna,Karnaranjani,Muttiah-Bhagavathar,22,https://www.youtube.com/watch?v=Rim-dn2RNoU
2,Vanchathonuna,Karnaranjani,Muttiah-Bhagavathar,22,https://www.youtube.com/watch?v=eY_TfeAZg7w
1,Era-Tagunatara,Kedara-Gowlai,Dharmapuri-Subaraya-Iyer,28,https://www.youtube.com/watch?v=wxkXRgfuoeg
2,Era-Tagunatara,Kedara-Gowlai,Dharmapuri-Subaraya-Iyer,28,https://www.youtube.com/watch?v=TfMFEvIXZV8
1,Tulasi-Bilva,Kedara-Gowlai,Thyagaraja,28,https://www.youtube.com/watch?v=vwahfUYMxpw
2,Tulasi-Bilva,Kedara-Gowlai,Thyagaraja,28,https://www.youtube.com/watch?v=pPdPH7Mndlk
1,Ananda-Natana-Prakasham,Kedaram,Mutthuswami-Dikshitar,29,https://www.youtube.com/watch?v=3iA9uzXx-4Q
2,Ananda-Natana-Prakasham,Kedaram,Mutthuswami-Dikshitar,29,https://www.youtube.com/watch?v=O2jm-d48hJg
1,Paramananda-Natana,Kedaram,Swati-Tirunal,29,https://www.youtube.com/watch?v=lfaqSvn7Tec
2,Paramananda-Natana,Kedaram,Swati-Tirunal,29,https://www.youtube.com/watch?v=kGlWGS0Q3Xc
1,Brochevarevarura,Khamas,Mysore-Vaasudevacharya,28,https://www.youtube.com/watch?v=Bzs2o8rZQ9E
2,Brochevarevarura,Khamas,Mysore-Vaasudevacharya,28,https://www.youtube.com/watch?v=vf6-vaxFWf4
1,Idadu-Padam-Thuki,Khamas,Papanasam-Shivan,28,https://www.youtube.com/watch?v=RX7IcL34jf0
2,Idadu-Padam-Thuki,Khamas,Papanasam-Shivan,28,https://www.youtube.com/watch?v=uGZj5gIUOW0
1,Shrisha-Padmanabha,Khamas,Swati-Tirunal,28,https://www.youtube.com/watch?v=QhwmJ122txE
2,Shrisha-Padmanabha,Khamas,Swati-Tirunal,28,https://www.youtube.com/watch?v=ffDb2R8M2os
1,Cakani-Raaja,Kharaharapriya,Thyagaraja,22,https://www.youtube.com/watch?v=ZvzmrIECBl8
2,Cakani-Raaja,Kharaharapriya,Thyagaraja,22,https://www.youtube.com/watch?v=WgBQzaZU1kI
1,Janaki-Pathe,Kharaharapriya,Papanasam-Shivan,22,https://www.youtube.com/watch?v=gU2eF0GYJfM
2,Janaki-Pathe,Kharaharapriya,Papanasam-Shivan,22,https://www.youtube.com/watch?v=u7R35mlpF7o
1,Pakala-Nilabadhi,Kharaharapriya,Thyagaraja,22,https://www.youtube.com/watch?v=YRxLu-1-brw
2,Pakala-Nilabadhi,Kharaharapriya,Thyagaraja,22,https://www.youtube.com/watch?v=4ne1VepXgPs
1,Devi-Neeye-Thunai,Kiravaani,Papanasam-Shivan,21,https://www.youtube.com/watch?v=MJHh51Uvjx8
2,Devi-Neeye-Thunai,Kiravaani,Papanasam-Shivan,21,https://www.youtube.com/watch?v=-MjRKnhRRuM
1,Kaligiyunte,Kiravaani,Thyagaraja,21,https://www.youtube.com/watch?v=KGW5K2fL6Ak
2,Kaligiyunte,Kiravaani,Thyagaraja,21,https://www.youtube.com/watch?v=Zcxm1zysMug
1,Karunakarane,Kiravaani,Papanasam-Shivan,21,https://www.youtube.com/watch?v=2t-TRC5C1oI
2,Karunakarane,Kiravaani,Papanasam-Shivan,21,https://www.youtube.com/watch?v=y_7wLeEhY9A
1,Sukha-Vaazhvadaindu,Kokilapriya,Koteeshwara-Iyer,11,https://www.youtube.com/watch?v=uKDBhXLR3Zk&list=OLAK5uy_nBLZ0RFtF4CdultzaQe2dz90HSJ_VkdWQ&index=54
2,Sukha-Vaazhvadaindu,Kokilapriya,Koteeshwara-Iyer,11,https://www.youtube.com/watch?v=RVsZSPFu2Js
1,Kaa-Guha,Kosalam,Koteeshwara-Iyer,71,https://www.youtube.com/watch?v=AU5UIWhDUqM&list=OLAK5uy_nBLZ0RFtF4CdultzaQe2dz90HSJ_VkdWQ&index=17
2,Kaa-Guha,Kosalam,Koteeshwara-Iyer,71,https://www.youtube.com/watch?v=blizqGhL2gU
1,Bhogendra-Shayinam,Kuntala-Varali,Swati-Tirunal,28,https://www.youtube.com/watch?v=edLP7IgSeH0
2,Bhogendra-Shayinam,Kuntala-Varali,Swati-Tirunal,28,https://www.youtube.com/watch?v=mVERw1OTA7o
1,Ninnu-Pogada-Tharama,Kuntala-Varali,GN-Balasubramaniam,28,https://www.youtube.com/watch?v=yygLSVSksGU
2,Ninnu-Pogada-Tharama,Kuntala-Varali,GN-Balasubramaniam,28,https://www.youtube.com/watch?v=LjP6fCBsrbk
1,Shara-Shara-Samaraika,Kuntala-Varali,Thyagaraja,28,https://www.youtube.com/watch?v=-6gALa3yKIY
2,Shara-Shara-Samaraika,Kuntala-Varali,Thyagaraja,28,https://www.youtube.com/watch?v=xmTz3-VOmDc
1,Hiranmayim-Lakshmim,Lalitaa,Mutthuswami-Dikshitar,15,https://www.youtube.com/watch?v=JkyihwZxKyg
2,Hiranmayim-Lakshmim,Lalitaa,Mutthuswami-Dikshitar,15,https://www.youtube.com/watch?v=d8utbM3XuHQ
1,Nannu-Brova-Lalitha,Lalitaa,Shyama-Shastri,15,https://www.youtube.com/watch?v=mqsakYyu97E
2,Nannu-Brova-Lalitha,Lalitaa,Shyama-Shastri,15,https://www.youtube.com/watch?v=Z9JIAN3lv94
1,Aparadhamu,Latangi,Patnam-Subramanyam-Iyer,63,https://www.youtube.com/watch?v=ouYsUfVy0mg
2,Aparadhamu,Latangi,Patnam-Subramanyam-Iyer,63,https://www.youtube.com/watch?v=8ZFK-IrINdo
1,Kaikooda,Latangi,Koteeshwara-Iyer,63,https://www.youtube.com/watch?v=UIzO5muKJKE&list=OLAK5uy_nBLZ0RFtF4CdultzaQe2dz90HSJ_VkdWQ&index=43
2,Kaikooda,Latangi,Koteeshwara-Iyer,63,https://www.youtube.com/watch?v=ApbvH99YVic
1,Pirava-Varam,Latangi,Papanasam-Shivan,63,https://www.youtube.com/watch?v=wvHRb30-Ruc
2,Pirava-Varam,Latangi,Papanasam-Shivan,63,https://www.youtube.com/watch?v=IQnJOuuhsx4
1,Muralidhara-Gopala,Maand,Periyasaami-Tooran,29,https://www.youtube.com/watch?v=Rl3QpBMPilI
2,Muralidhara-Gopala,Maand,Periyasaami-Tooran,29,https://www.youtube.com/watch?v=RbcvyPj3KpY
1,Raamanai-Bhajithal,Maand,Papanasam-Shivan,29,https://www.youtube.com/watch?v=1tuQfRaP9b0
2,Raamanai-Bhajithal,Maand,Papanasam-Shivan,29,https://www.youtube.com/watch?v=jTZmM9nEyeE
1,Brovavamma,Maanji,Shyama-Shastri,20,https://www.youtube.com/watch?v=jfHhigCtZ2M
2,Brovavamma,Maanji,Shyama-Shastri,20,https://www.youtube.com/watch?v=qrjTX9-OOXg
1,Varugalaamo,Maanji,Gopaalakrishna-Bharatiyar,20,https://www.youtube.com/watch?v=8x0ZdICB2vk
2,Varugalaamo,Maanji,Gopaalakrishna-Bharatiyar,20,https://www.youtube.com/watch?v=kdWybRixCQ4
1,Kanda-Naal-Mudhalai,Madhuvanti,NS-Chidambaram,59,https://www.youtube.com/watch?v=6wWOm1vW1z4
2,Kanda-Naal-Mudhalai,Madhuvanti,NS-Chidambaram,59,https://www.youtube.com/watch?v=rB7inysHC6Y
1,Dharma-Samvardhani,Madhyamavati,Mutthuswami-Dikshitar,22,https://www.youtube.com/watch?v=nNtOf52MsLs
2,Dharma-Samvardhani,Madhyamavati,Mutthuswami-Dikshitar,22,https://www.youtube.com/watch?v=9NF4TV4YBas
1,Karpagame,Madhyamavati,Papanasam-Shivan,22,https://www.youtube.com/watch?v=lIqbqhlGORw
2,Karpagame,Madhyamavati,Papanasam-Shivan,22,https://www.youtube.com/watch?v=paJQJ4jIal8
1,Nagumomu-Galavani,Madhyamavati,Thyagaraja,22,https://www.youtube.com/watch?v=xmS-w4fT7Jw
2,Nagumomu-Galavani,Madhyamavati,Thyagaraja,22,https://www.youtube.com/watch?v=TTS2JEWtloI
1,Panchamatanga,Malahari,Mutthuswami-Dikshitar,15,https://www.youtube.com/watch?v=pWUL7oriv7w
2,Panchamatanga,Malahari,Mutthuswami-Dikshitar,15,https://www.youtube.com/watch?v=3MVUxa65H2U
1,Nenarunchi-Nanu,Malavi,Thyagaraja,28,https://www.youtube.com/watch?v=GI78K8B1Rmc
2,Nenarunchi-Nanu,Malavi,Thyagaraja,28,https://www.youtube.com/watch?v=hQu-MSiKF5A
1,Karpaga-Manohara,Malayamarutam,Papanasam-Shivan,16,https://www.youtube.com/watch?v=SSaUC4EZx7k
2,Karpaga-Manohara,Malayamarutam,Papanasam-Shivan,16,https://www.youtube.com/watch?v=SpV4cF_28oE
1,Manasa-Etulo,Malayamarutam,Thyagaraja,16,https://www.youtube.com/watch?v=5auEJxmMeXY
2,Manasa-Etulo,Malayamarutam,Thyagaraja,16,https://www.youtube.com/watch?v=LtEHr9dIL4A
1,Nija-Bhakti,Manavanti,Koteeshwara-Iyer,5,https://www.youtube.com/watch?v=HIolukqrBR0&list=OLAK5uy_nBLZ0RFtF4CdultzaQe2dz90HSJ_VkdWQ&index=52
2,Nija-Bhakti,Manavanti,Koteeshwara-Iyer,5,https://www.youtube.com/watch?v=s85p7zikewc
1,Jaya-Jaya-Padmanabhanujesha,Maniranga,Swati-Tirunal,22,https://www.youtube.com/watch?v=izEEqoQtksY
2,Jaya-Jaya-Padmanabhanujesha,Maniranga,Swati-Tirunal,22,https://www.youtube.com/watch?v=VP-GuI-nlB8
1,Maamava-Pattaabhirama,Maniranga,Mutthuswami-Dikshitar,22,https://www.youtube.com/watch?v=g0f0Xk-cuEE
2,Maamava-Pattaabhirama,Maniranga,Mutthuswami-Dikshitar,22,https://www.youtube.com/watch?v=QVQP6DtnmGg
1,Malaginen-Velava,Mararanjani,Koteeshwara-Iyer,25,https://www.youtube.com/watch?v=J7E3_DpsRFM&list=OLAK5uy_nBLZ0RFtF4CdultzaQe2dz90HSJ_VkdWQ&index=12
2,Malaginen-Velava,Mararanjani,Koteeshwara-Iyer,25,https://www.youtube.com/watch?v=1FInpDAVbGU&list=PLIgFVAThNM8pLHRRZc6Mg-8Ekvd-2sKgx&index=16
1,Deva-Deva-Kalayamithe,Mayamavala-Gowlai,Swati-Tirunal,15,https://www.youtube.com/watch?v=wUP3Qyx8dEc
2,Deva-Deva-Kalayamithe,Mayamavala-Gowlai,Swati-Tirunal,15,https://www.youtube.com/watch?v=L_u71q2H0io
1,Maaya-Theetha,Mayamavala-Gowlai,Ponniah-Pillai,15,https://www.youtube.com/watch?v=rppUyJiqhwM
2,Maaya-Theetha,Mayamavala-Gowlai,Ponniah-Pillai,15,https://www.youtube.com/watch?v=NY_rcG8QPYo
1,Thulasi-Dala,Mayamavala-Gowlai,Thyagaraja,15,https://www.youtube.com/watch?v=oz-fORZIlXw
2,Thulasi-Dala,Mayamavala-Gowlai,Thyagaraja,15,https://www.youtube.com/watch?v=WHUd32naGo8
1,Bhuvaneshwariya,Mohana-Kalyani,Muttiah-Bhagavathar,65,https://www.youtube.com/watch?v=KoHDBYUlMAI
2,Bhuvaneshwariya,Mohana-Kalyani,Muttiah-Bhagavathar,65,https://www.youtube.com/watch?v=Dd4Y289bpKg
1,Tamadam-Tagadaya,Mohana-Kalyani,Lalgudi-Jayaraman,65,https://www.youtube.com/watch?v=dbUvQub37Ok
2,Tamadam-Tagadaya,Mohana-Kalyani,Lalgudi-Jayaraman,65,https://www.youtube.com/watch?v=vRLhY8SoTS0
1,Kaapaali,Mohanam,Papanasam-Shivan,28,https://www.youtube.com/watch?v=wJkeBQopp1c
2,Kaapaali,Mohanam,Papanasam-Shivan,28,https://www.youtube.com/watch?v=uVe2hjfbrAY
1,Nannu-Palimpa,Mohanam,Thyagaraja,28,https://www.youtube.com/watch?v=yGVohgIC6U4
2,Nannu-Palimpa,Mohanam,Thyagaraja,28,https://www.youtube.com/watch?v=DpjE9J09Ly4
1,Rara-Rajeeva,Mohanam,Mysore-Vaasudevacharya,28,https://www.youtube.com/watch?v=v4LlqwsDtVA
2,Rara-Rajeeva,Mohanam,Mysore-Vaasudevacharya,28,https://www.youtube.com/watch?v=P-O8UCFBx4A
1,Enraikku-Siva-Krupai,Mukhari,Neelakanta-Shivan,22,https://www.youtube.com/watch?v=3CP6QpAUjKY
2,Enraikku-Siva-Krupai,Mukhari,Neelakanta-Shivan,22,https://www.youtube.com/watch?v=7mszUSPvl6Y
1,Karu-Baru,Mukhari,Thyagaraja,22,https://www.youtube.com/watch?v=_myDBesDqH8
2,Karu-Baru,Mukhari,Thyagaraja,22,https://www.youtube.com/watch?v=2VuqWlKWuT0
1,Shivakama-Sundhari,Mukhari,Papanasam-Shivan,22,https://www.youtube.com/watch?v=mXV3m6i2b3c&list=PLG_Yzqd_RqR0MjTbiWkXDwvqB4Z71o1qk&index=27&ab_channel=AmruthaVenkatesh
2,Shivakama-Sundhari,Mukhari,Papanasam-Shivan,22,https://www.youtube.com/watch?v=cG2AGtb6Xo8
1,Jagadeesha,Nadanamakriya,Swati-Tirunal,15,https://www.youtube.com/watch?v=0fuWHJkSr4M
2,Jagadeesha,Nadanamakriya,Swati-Tirunal,15,https://www.youtube.com/watch?v=TeS2FKAqCxA
1,Naayen-Unaiye,Naganandhini,Koteeshwara-Iyer,30,https://www.youtube.com/watch?v=jvj0hGBuIWg&list=OLAK5uy_nBLZ0RFtF4CdultzaQe2dz90HSJ_VkdWQ&index=72
2,Naayen-Unaiye,Naganandhini,Koteeshwara-Iyer,30,https://www.youtube.com/watch?v=6GcYJwvhNNs
1,Garuda-Gamana,Nagaswarali,Patnam-Subramanyam-Iyer,28,https://www.youtube.com/watch?v=Mjw3ybVGkvo
2,Garuda-Gamana,Nagaswarali,Patnam-Subramanyam-Iyer,28,https://www.youtube.com/watch?v=t9OwpHbjCO4
1,En-Maname,Namanarayani,Koteeshwara-Iyer,50,https://www.youtube.com/watch?v=8BcppfhcN8Y&list=OLAK5uy_nBLZ0RFtF4CdultzaQe2dz90HSJ_VkdWQ&index=59
2,En-Maname,Namanarayani,Koteeshwara-Iyer,50,https://www.youtube.com/watch?v=6we14hT5l4g
1,Tandarul-Ayya,Nasikabhushini,Koteeshwara-Iyer,70,https://www.youtube.com/watch?v=8XNCMHj55jE&list=OLAK5uy_nBLZ0RFtF4CdultzaQe2dz90HSJ_VkdWQ&index=29
2,Tandarul-Ayya,Nasikabhushini,Koteeshwara-Iyer,70,https://www.youtube.com/watch?v=NhitU4fC_yI
1,Amboruha-Padame,Natabhairavi,Koteeshwara-Iyer,20,https://www.youtube.com/watch?v=2pmBmc7lrNI&list=OLAK5uy_nBLZ0RFtF4CdultzaQe2dz90HSJ_VkdWQ&index=22
2,Amboruha-Padame,Natabhairavi,Koteeshwara-Iyer,20,https://www.youtube.com/watch?v=nX5QF1XKBCM
1,Irangada-Saminatha,Natakapriya,Koteeshwara-Iyer,10,https://www.youtube.com/watch?v=PtcB8fyEGGA&list=OLAK5uy_nBLZ0RFtF4CdultzaQe2dz90HSJ_VkdWQ&index=42
2,Irangada-Saminatha,Natakapriya,Koteeshwara-Iyer,10,https://www.youtube.com/watch?v=vzhnlX1twzM
1,Jagadanandhakaraka,Nattai,Thyagaraja,36,https://www.youtube.com/watch?v=W03GiYGvswc&list=PLkCqsZqFoDzqtFWMdQLffRg4lyjJ1sBcp&index=5&ab_channel=TrichurBrothers
2,Jagadanandhakaraka,Nattai,Thyagaraja,36,https://www.youtube.com/watch?v=5Nz7YRaUyuY
1,Jaya-Jaya-Janaki,Nattai,Purandhara-Dhasa,36,https://www.youtube.com/watch?v=tcCH5sv9TFk
2,Jaya-Jaya-Janaki,Nattai,Purandhara-Dhasa,36,https://www.youtube.com/watch?v=dXKiq2Ekq8A
1,Maha-Ganapathim,Nattai,Mutthuswami-Dikshitar,36,https://www.youtube.com/watch?v=j3elIEZlOao
2,Maha-Ganapathim,Nattai,Mutthuswami-Dikshitar,36,https://www.youtube.com/watch?v=AA994e6i4pU
1,Kuvalaya,Nattakurunji,Thyagaraja,28,https://www.youtube.com/watch?v=rzlbUjYoDI4
2,Kuvalaya,Nattakurunji,Thyagaraja,28,https://www.youtube.com/watch?v=NWyelK77T-U
1,Palvadiyum-Mugam,Nattakurunji,Ootukada-Venkatasubaiyar,28,https://www.youtube.com/watch?v=Q3_H5X-058E
2,Palvadiyum-Mugam,Nattakurunji,Ootukada-Venkatasubaiyar,28,https://www.youtube.com/watch?v=Yq-YzRltTZA
1,Parvathi-Kumaram,Nattakurunji,Mutthuswami-Dikshitar,28,https://www.youtube.com/watch?v=wgOlENNdCDQ&list=PLG_Yzqd_RqR0MjTbiWkXDwvqB4Z71o1qk&index=80&ab_channel=AmruthaVenkatesh
2,Parvathi-Kumaram,Nattakurunji,Mutthuswami-Dikshitar,28,https://www.youtube.com/watch?v=_1ecG6qPJIg
1,Saami-Idhe,Navanitam,Koteeshwara-Iyer,40,https://www.youtube.com/watch?v=9EWaKXRBo98
2,Saami-Idhe,Navanitam,Koteeshwara-Iyer,40,https://www.youtube.com/watch?v=k9bUWmB5I20
1,Mohanakara-Muthukumara,Neethimathi,Koteeshwara-Iyer,60,https://www.youtube.com/watch?v=jMCFethC_6M&list=OLAK5uy_nBLZ0RFtF4CdultzaQe2dz90HSJ_VkdWQ&index=9
2,Mohanakara-Muthukumara,Neethimathi,Koteeshwara-Iyer,60,https://www.youtube.com/watch?v=o8kbH2xTs2g
1,Anjade-Nenjame,Paavani,Koteeshwara-Iyer,41,https://www.youtube.com/watch?v=XxhEOqvvF4s&list=OLAK5uy_nBLZ0RFtF4CdultzaQe2dz90HSJ_VkdWQ&index=27
2,Anjade-Nenjame,Paavani,Koteeshwara-Iyer,41,https://www.youtube.com/watch?v=Q15nxhqYXvw
1,Paripalaya-Saraseeruha,Pantuvarali,Swati-Tirunal,51,https://www.youtube.com/watch?v=YAQpRS_iNeE
2,Paripalaya-Saraseeruha,Pantuvarali,Swati-Tirunal,51,https://www.youtube.com/watch?v=msJS_5es-zc
1,Shambho-Mahadeva,Pantuvarali,Thyagaraja,51,https://www.youtube.com/watch?v=EZZhYEdpYrw
2,Shambho-Mahadeva,Pantuvarali,Thyagaraja,51,https://www.youtube.com/watch?v=3l3bNcnEsCw
1,Siva-Siva-Ena-Rada,Pantuvarali,Thyagaraja,51,https://www.youtube.com/watch?v=Be1pOlSCvjQ
2,Siva-Siva-Ena-Rada,Pantuvarali,Thyagaraja,51,https://www.youtube.com/watch?v=dQvccYSyx0o
1,Neelayathakshi,Paras,Shyama-Shastri,15,https://www.youtube.com/watch?v=6DKu80qffY8
2,Neelayathakshi,Paras,Shyama-Shastri,15,https://www.youtube.com/watch?v=RQ03MoR5DnI
1,Triloka-Mata,Paras,Shyama-Shastri,15,https://www.youtube.com/watch?v=DkfiT_3AtYg
2,Triloka-Mata,Paras,Shyama-Shastri,15,https://www.youtube.com/watch?v=D5e63h1QghU
1,Ananda-Natamaduvar,Poorvi-Kalyani,Neelakanta-Shivan,53,https://www.youtube.com/watch?v=V0GjWX-zjR4
2,Ananda-Natamaduvar,Poorvi-Kalyani,Neelakanta-Shivan,53,https://www.youtube.com/watch?v=TCbNi3W5S4Y
1,Deva-Deva-Jagadhishwara,Poorvi-Kalyani,Swati-Tirunal,53,https://www.youtube.com/watch?v=duTA_2AEDQI
2,Deva-Deva-Jagadhishwara,Poorvi-Kalyani,Swati-Tirunal,53,https://www.youtube.com/watch?v=9N_ppbi3jI8
1,Gnanamo-Sagaradha,Poorvi-Kalyani,Thyagaraja,53,https://www.youtube.com/watch?v=J4bnYKdZkHA&ab_channel=CarnaticEcstasy
2,Gnanamo-Sagaradha,Poorvi-Kalyani,Thyagaraja,53,https://www.youtube.com/watch?v=zCMWPrFkanY&ab_channel=MalladiBrothers-Topic
1,Kanaka-Shaila,Punagavarali,Shyama-Shastri,8,https://www.youtube.com/watch?v=mefRxVLWzzs&ab_channel=MusicToday
2,Kanaka-Shaila,Punagavarali,Shyama-Shastri,8,https://www.youtube.com/watch?v=uIhv4REMakk&ab_channel=RithvikRaja-Topic
1,Natajanakalpavali,Punagavarali,Ootukada-Venkatasubaiyar,8,https://www.youtube.com/watch?v=CYYou4p_POY&ab_channel=SubramanianKrishnan
2,Natajanakalpavali,Punagavarali,Ootukada-Venkatasubaiyar,8,https://www.youtube.com/watch?v=3ZFVV64Or5g
1,Shanka-Chakra,Purnachandrika,Mutthuswami-Dikshitar,29,https://www.youtube.com/watch?v=ebdtMOfCOgM&ab_channel=SaregamaCarnaticClassical
2,Shanka-Chakra,Purnachandrika,Mutthuswami-Dikshitar,29,https://www.youtube.com/watch?v=JKU8H6tuZXo&ab_channel=SureshM
1,Telisi-Rama,Purnachandrika,Thyagaraja,29,https://www.youtube.com/watch?v=1SCOtGZ7el4&list=PLkCqsZqFoDzqtFWMdQLffRg4lyjJ1sBcp&index=4&ab_channel=TrichurBrothers
2,Telisi-Rama,Purnachandrika,Thyagaraja,29,https://www.youtube.com/watch?v=qXarFTFwSRg&ab_channel=NithyasreeMahadevan-Topic
1,Gana-Sudharasame,Ragavardhini,Balamuralikrishna,32,https://www.youtube.com/watch?v=0RyVznLOmbE&ab_channel=DrM.Balamuralikrishna-Topic
2,Gana-Sudharasame,Ragavardhini,Balamuralikrishna,32,https://www.youtube.com/watch?v=z5pEl4iXqrI
1,Kalangadhe-Maname,Ragavardhini,Koteeshwara-Iyer,32,https://www.youtube.com/watch?v=-Y8jg6waXMA&list=OLAK5uy_nBLZ0RFtF4CdultzaQe2dz90HSJ_VkdWQ&index=26
2,Kalangadhe-Maname,Ragavardhini,Koteeshwara-Iyer,32,https://www.youtube.com/watch?v=EYNBEsv65GE&ab_channel=shobanavignesh
1,Sundara-Vinayaka,Ragavardhini,TV-Gopalakrishnan,32,https://www.youtube.com/watch?v=18_5I_AQAg4&ab_channel=AmruthaVenkatesh
2,Sundara-Vinayaka,Ragavardhini,TV-Gopalakrishnan,32,https://www.youtube.com/watch?v=QNaKlxzQah8&ab_channel=musiquebox
1,Sadananda-Bhakti,Raghupriya,Koteeshwara-Iyer,42,https://www.youtube.com/watch?v=hBMgyOfXWOE&list=OLAK5uy_nBLZ0RFtF4CdultzaQe2dz90HSJ_VkdWQ&index=15
2,Sadananda-Bhakti,Raghupriya,Koteeshwara-Iyer,42,https://www.youtube.com/watch?v=mCLZTR5oSZc&ab_channel=SureshM
1,Korinavara,Ramapriya,Patnam-Subramanyam-Iyer,52,https://www.youtube.com/watch?v=DvbjAPHVbnI&ab_channel=Ranjani-Gayatri
2,Korinavara,Ramapriya,Patnam-Subramanyam-Iyer,52,https://www.youtube.com/watch?v=sPhO_73G5Q4&ab_channel=SureshM
1,Sami-Sadaa,Ramapriya,Koteeshwara-Iyer,52,https://www.youtube.com/watch?v=PBokRPf8B6g&list=OLAK5uy_nBLZ0RFtF4CdultzaQe2dz90HSJ_VkdWQ&index=35
2,Sami-Sadaa,Ramapriya,Koteeshwara-Iyer,52,https://www.youtube.com/watch?v=3Idq2G_7_EY&ab_channel=SureshM
1,Sandehamunu,Ramapriya,Thyagaraja,52,https://www.youtube.com/watch?v=JXcWL2-QXYM&ab_channel=AmuthamMusic
2,Sandehamunu,Ramapriya,Thyagaraja,52,https://www.youtube.com/watch?v=V6Z1Q5O5EL0&ab_channel=MaxworthConsumerProductPrivateLimited
1,Durmaga,Ranjani,Thyagaraja,59,https://www.youtube.com/watch?v=6Y9Y-E8hHOw&ab_channel=SaregamaCarnaticClassical
2,Durmaga,Ranjani,Thyagaraja,59,https://www.youtube.com/watch?v=TLEz0kwqy1U&ab_channel=CarnaticFever
1,Mayamma-Shubhamimma,Ranjani,MD-Ramanathan,59,https://www.youtube.com/watch?v=Zbd_YFuxEcs&ab_channel=SudhaRagunathan-Topic
2,Mayamma-Shubhamimma,Ranjani,MD-Ramanathan,59,https://www.youtube.com/watch?v=19_0D6Lp0gc&ab_channel=SangeethaRasika
1,Arul-Seyya-Vendum,Rasikapriya,Koteeshwara-Iyer,72,https://www.youtube.com/watch?v=9OOBvInYze8
2,Arul-Seyya-Vendum,Rasikapriya,Koteeshwara-Iyer,72,https://www.youtube.com/watch?v=3M9TZ8zmIQg&ab_channel=SureshM
1,Kalsavardhija,Ratnangi,Thyagaraja,2,https://www.youtube.com/watch?v=mvTzmdfLpRQ&ab_channel=CarnaticEcstasy
2,Kalsavardhija,Ratnangi,Thyagaraja,2,https://www.youtube.com/watch?v=ei_n3ooqMGo&ab_channel=PremaRangarajan
1,Tarunam-Ide,Ratnangi,Koteeshwara-Iyer,2,https://www.youtube.com/watch?v=2N9OdHwHxNY&list=OLAK5uy_nBLZ0RFtF4CdultzaQe2dz90HSJ_VkdWQ&index=16
2,Tarunam-Ide,Ratnangi,Koteeshwara-Iyer,2,https://www.youtube.com/watch?v=xNS4qLKchms&ab_channel=PraapthiEvents
1,Makelara-Vicaramu,Ravi-Chandrika,Thyagaraja,28,https://www.youtube.com/watch?v=3ub4S2qbsHg&ab_channel=JioStudios
2,Makelara-Vicaramu,Ravi-Chandrika,Thyagaraja,28,https://www.youtube.com/watch?v=Mb5cl_eWyWo&ab_channel=SanjaySubrahmanyan
1,Niravadhi-Sukha,Ravi-Chandrika,Thyagaraja,28,https://www.youtube.com/watch?v=XII3GxbgoVE&ab_channel=HOPEADTV
2,Niravadhi-Sukha,Ravi-Chandrika,Thyagaraja,28,https://www.youtube.com/watch?v=yKarQapTxls&ab_channel=NanduRamani
1,Dwaitamu-Skuhama,Reetigowlai,Thyagaraja,22,https://www.youtube.com/watch?v=tVBVic8ZVs0
2,Dwaitamu-Skuhama,Reetigowlai,Thyagaraja,22,https://www.youtube.com/watch?v=09zR4Hg6ga0
1,Janani-Ninuvina,Reetigowlai,Subaraaya-Shastri,22,https://www.youtube.com/watch?v=96X1D8qGmhY
2,Janani-Ninuvina,Reetigowlai,Subaraaya-Shastri,22,https://www.youtube.com/watch?v=hdb7d38LsXU
1,Paripalaya-Paripalaya,Reetigowlai,Thyagaraja,22,https://www.youtube.com/watch?v=cyAQAday3Co&list=PLG_Yzqd_RqR0MjTbiWkXDwvqB4Z71o1qk&index=59&ab_channel=AmruthaVenkatesh
2,Paripalaya-Paripalaya,Reetigowlai,Thyagaraja,22,https://www.youtube.com/watch?v=FVt0O95JiTA
1,Bho-Shambo,Revati,Dayananda-Saraswati,2,https://www.youtube.com/watch?v=0u013DUZo5o
2,Bho-Shambo,Revati,Dayananda-Saraswati,2,https://www.youtube.com/watch?v=dwOCgU--PfQ
1,Mahadeva-Shiva-Shambo,Revati,Tanjavur-Shankara-Iyer,2,https://www.youtube.com/watch?v=PJaNgwb55bw
2,Mahadeva-Shiva-Shambo,Revati,Tanjavur-Shankara-Iyer,2,https://www.youtube.com/watch?v=lydX_M1cDgI
1,Ghananaya,Rishabapriya,Koteeshwara-Iyer,62,https://www.youtube.com/watch?v=CX9GCtEievo&list=OLAK5uy_nBLZ0RFtF4CdultzaQe2dz90HSJ_VkdWQ&index=55
2,Ghananaya,Rishabapriya,Koteeshwara-Iyer,62,https://www.youtube.com/watch?v=NjM1ctCgQsQ
1,Nalagude,Rupavati,Koteeshwara-Iyer,12,https://www.youtube.com/watch?v=oNgkoFjBoug&list=OLAK5uy_nBLZ0RFtF4CdultzaQe2dz90HSJ_VkdWQ&index=66
2,Nalagude,Rupavati,Koteeshwara-Iyer,12,https://www.youtube.com/watch?v=yEtYuckBBG8
1,Sarasadala-Nayane,Saaramati,Muttiah-Bhagavathar,20,https://www.youtube.com/watch?v=Lp2VdO1CpMo
2,Sarasadala-Nayane,Saaramati,Muttiah-Bhagavathar,20,https://www.youtube.com/watch?v=mqWteQ36Tic
1,Mokhasmu-Galada,Saaramati,Thyagaraja,20,https://www.youtube.com/watch?v=ERht5UqsVyk
2,Mokhasmu-Galada,Saaramati,Thyagaraja,20,https://www.youtube.com/watch?v=cZ5cvqB67Pg
1,Muruga-Muruga,Saaveri,Periyasaami-Tooran,15,https://www.youtube.com/watch?v=LRPnJLIYdk4
2,Muruga-Muruga,Saaveri,Periyasaami-Tooran,15,https://www.youtube.com/watch?v=KjHyfc73Zzs
1,Rama-Bana,Saaveri,Thyagaraja,15,https://www.youtube.com/watch?v=lvwzfI5qBCc
2,Rama-Bana,Saaveri,Thyagaraja,15,https://www.youtube.com/watch?v=Z_2Tx4wsSB8
1,Tulasi-Jagajanani,Saaveri,Thyagaraja,15,https://www.youtube.com/watch?v=uLd4QFE92TQ
2,Tulasi-Jagajanani,Saaveri,Thyagaraja,15,https://www.youtube.com/watch?v=lyacFrSYX0g
1,Abhayambayam,Sahana,Mutthuswami-Dikshitar,28,https://www.youtube.com/watch?v=g93hNW-W9To
2,Abhayambayam,Sahana,Mutthuswami-Dikshitar,28,https://www.youtube.com/watch?v=LBFGqD0WcZc
1,Chittam-Irangaadha,Sahana,Papanasam-Shivan,28,https://www.youtube.com/watch?v=YGIPZ556hqg
2,Chittam-Irangaadha,Sahana,Papanasam-Shivan,28,https://www.youtube.com/watch?v=6rLLRM_coNc
1,Ee-Vasudha,Sahana,Thyagaraja,28,https://www.youtube.com/watch?v=xamX8ALjBpI
2,Ee-Vasudha,Sahana,Thyagaraja,28,https://www.youtube.com/watch?v=IwnGWtqE4ZQ
1,Padavini,Salagabhairavi,Thyagaraja,22,https://www.youtube.com/watch?v=UeFBV14Ug_0
2,Padavini,Salagabhairavi,Thyagaraja,22,https://www.youtube.com/watch?v=U7oUE117Xu8
1,Ganamudam,Salagam,Koteeshwara-Iyer,37,https://www.youtube.com/watch?v=B5pRHKEuw5s&list=OLAK5uy_nBLZ0RFtF4CdultzaQe2dz90HSJ_VkdWQ&index=75
2,Ganamudam,Salagam,Koteeshwara-Iyer,37,https://www.youtube.com/watch?v=Uo3RTJIGxb8
1,Annapurne-Vishalakshi,Sama,Mutthuswami-Dikshitar,28,https://www.youtube.com/watch?v=bzn_qx_wkhQ&list=PLG_Yzqd_RqR0MjTbiWkXDwvqB4Z71o1qk&index=96&ab_channel=AmruthaVenkatesh
2,Annapurne-Vishalakshi,Sama,Mutthuswami-Dikshitar,28,https://www.youtube.com/watch?v=7O_yIvVA3Xs
1,Manasa-Sancharare,Sama,Sadashiva-Brahmendra,28,https://www.youtube.com/watch?v=wawEbRw_x6c&list=PLG_Yzqd_RqR0MjTbiWkXDwvqB4Z71o1qk&index=77&ab_channel=AmruthaVenkatesh
2,Manasa-Sancharare,Sama,Sadashiva-Brahmendra,28,https://www.youtube.com/watch?v=tdoHle7pkNE
1,Santamuleka,Sama,Thyagaraja,28,https://www.youtube.com/watch?v=U5eEjde0I7Y
2,Santamuleka,Sama,Thyagaraja,28,https://www.youtube.com/watch?v=ASfuinE3Gm0
1,Arunacalanatham,Saranga,Mutthuswami-Dikshitar,65,https://www.youtube.com/watch?v=WV6OF0XMIjg
2,Arunacalanatham,Saranga,Mutthuswami-Dikshitar,65,https://www.youtube.com/watch?v=ovcMLvvmIuk
1,Neevada-Ne-Gaana,Saranga,Thyagaraja,65,https://www.youtube.com/watch?v=Y7i-ulFhruc
2,Neevada-Ne-Gaana,Saranga,Thyagaraja,65,https://www.youtube.com/watch?v=_JuAUGrvbMA
1,Saranga-Ragapriye,Saranga,Mutthuswami-Dikshitar,65,https://www.youtube.com/watch?v=QVZTl0LDats
2,Saranga-Ragapriye,Saranga,Mutthuswami-Dikshitar,65,https://www.youtube.com/watch?v=yXuoilUlQ9A
1,Jaya-Jaya-Padmanabha-Murare,Sarasangi,Swati-Tirunal,27,https://www.youtube.com/watch?v=_6IUUChUMJI
2,Jaya-Jaya-Padmanabha-Murare,Sarasangi,Swati-Tirunal,27,https://www.youtube.com/watch?v=D3XBS6G8-XI
1,Malaiyade-Maname,Sarasangi,Koteeshwara-Iyer,27,https://www.youtube.com/watch?v=3db-yVyLM2I&list=OLAK5uy_nBLZ0RFtF4CdultzaQe2dz90HSJ_VkdWQ&index=36
2,Malaiyade-Maname,Sarasangi,Koteeshwara-Iyer,27,https://www.youtube.com/watch?v=uf05fEglbaU
1,Anuragamule,Saraswati,Thyagaraja,64,https://www.youtube.com/watch?v=WUYfdUhpw6I
2,Anuragamule,Saraswati,Thyagaraja,64,https://www.youtube.com/watch?v=R1INUV0A3SM
1,Saraswati-Namostute,Saraswati,GN-Balasubramaniam,64,https://www.youtube.com/watch?v=HTDP4bRtsxA
2,Saraswati-Namostute,Saraswati,GN-Balasubramaniam,64,https://www.youtube.com/watch?v=-iVJN_-OOP8
1,Vandarul-Neeta,Senavati,Koteeshwara-Iyer,7,https://www.youtube.com/watch?v=Ob8gIY5NDII&list=OLAK5uy_nBLZ0RFtF4CdultzaQe2dz90HSJ_VkdWQ&index=6
2,Vandarul-Neeta,Senavati,Koteeshwara-Iyer,7,https://www.youtube.com/watch?v=eFJ9H8Xhp3U
1,Antaranga-Bhakti,Shadvidamaargini,Koteeshwara-Iyer,46,https://www.youtube.com/watch?v=s4myDyvGxwU&list=OLAK5uy_nBLZ0RFtF4CdultzaQe2dz90HSJ_VkdWQ&index=37
2,Antaranga-Bhakti,Shadvidamaargini,Koteeshwara-Iyer,46,https://www.youtube.com/watch?v=w3M1M-o4EJU
1,Eduta-Nilachite,Shankarabharanam,Thyagaraja,29,https://www.youtube.com/watch?v=2jpKuqg-2Dg
2,Eduta-Nilachite,Shankarabharanam,Thyagaraja,29,https://www.youtube.com/watch?v=17FrkEGg7f8
1,Manasu-Swadhinamaina,Shankarabharanam,Thyagaraja,29,https://www.youtube.com/watch?v=P63BRL81bh4
2,Manasu-Swadhinamaina,Shankarabharanam,Thyagaraja,29,https://www.youtube.com/watch?v=vxEZv3FA22w
1,Swara-Raga-Sudha,Shankarabharanam,Thyagaraja,29,https://www.youtube.com/watch?v=tCxvrsUjt60
2,Swara-Raga-Sudha,Shankarabharanam,Thyagaraja,29,https://www.youtube.com/watch?v=4iLSYYvXzig
1,Marivere,Shanmukhapriya,Patnam-Subramanyam-Iyer,56,https://www.youtube.com/watch?v=zyrOpJKcUAc
2,Marivere,Shanmukhapriya,Patnam-Subramanyam-Iyer,56,https://www.youtube.com/watch?v=yU6ObZMgE68
1,Siddhivinayakam-Anisham,Shanmukhapriya,Mutthuswami-Dikshitar,56,https://www.youtube.com/watch?v=V_zZ_MOrbs4
2,Siddhivinayakam-Anisham,Shanmukhapriya,Mutthuswami-Dikshitar,56,https://www.youtube.com/watch?v=Pxfoan2vAzs
1,Sukhame-Sukham,Shanmukhapriya,Koteeshwara-Iyer,56,https://www.youtube.com/watch?v=en30elnb1es&list=OLAK5uy_nBLZ0RFtF4CdultzaQe2dz90HSJ_VkdWQ&index=57
2,Sukhame-Sukham,Shanmukhapriya,Koteeshwara-Iyer,56,https://www.youtube.com/watch?v=BQFU5WXM954
1,Gajamba-Nayako,Shenjuruti,Mutthuswami-Dikshitar,28,https://www.youtube.com/watch?v=YjHhwEKZT9M
2,Gajamba-Nayako,Shenjuruti,Mutthuswami-Dikshitar,28,https://www.youtube.com/watch?v=ApLGZNAnTCQ
1,Kamalanayana,Shenjuruti,Badrachala-Ramadas,28,https://www.youtube.com/watch?v=x72aWWBec7Y
2,Kamalanayana,Shenjuruti,Badrachala-Ramadas,28,https://www.youtube.com/watch?v=bY0cCnmvjVw
1,Valli-Kanavan,Shenjuruti,Kaavadi-Chindu,28,https://www.youtube.com/watch?v=5FdlqkADHn8
2,Valli-Kanavan,Shenjuruti,Kaavadi-Chindu,28,https://www.youtube.com/watch?v=iCOqad_ccgc
1,Endaro-Mahanubhavulu,Shri,Thyagaraja,22,https://www.youtube.com/watch?v=XtaOtYf01xU
2,Endaro-Mahanubhavulu,Shri,Thyagaraja,22,https://www.youtube.com/watch?v=iaWSdpkwtVc
1,Shri-Varalakshmi,Shri,Mutthuswami-Dikshitar,22,https://www.youtube.com/watch?v=b-pks4g6-Qc
2,Shri-Varalakshmi,Shri,Mutthuswami-Dikshitar,22,https://www.youtube.com/watch?v=f4tWhvESvfI
1,Vande-Vasudhevam,Shri,Annamachaarya,22,https://www.youtube.com/watch?v=exEFmVFNVSA
2,Vande-Vasudhevam,Shri,Annamachaarya,22,https://www.youtube.com/watch?v=6Sm1T2kpjP0
1,Gajavadana-Karuna,Shri-Ranjani,Papanasam-Shivan,22,https://www.youtube.com/watch?v=-DatREufHGI
2,Gajavadana-Karuna,Shri-Ranjani,Papanasam-Shivan,22,https://www.youtube.com/watch?v=SMJtStIGN9o
1,Maru-Balka,Shri-Ranjani,Thyagaraja,22,https://www.youtube.com/watch?v=dqsgKUXpblU
2,Maru-Balka,Shri-Ranjani,Thyagaraja,22,https://www.youtube.com/watch?v=wnC8q-UDbJc
1,Sogasuga-Mridanga,Shri-Ranjani,Thyagaraja,22,https://www.youtube.com/watch?v=tulLINklHgw
2,Sogasuga-Mridanga,Shri-Ranjani,Thyagaraja,22,https://www.youtube.com/watch?v=zo2Y2NOZ2cY
1,Shri-Satyanarayanam,Shubhapanturavarali,Mutthuswami-Dikshitar,45,https://www.youtube.com/watch?v=6bWMT_fi85A
2,Shri-Satyanarayanam,Shubhapanturavarali,Mutthuswami-Dikshitar,45,https://www.youtube.com/watch?v=mwEyZRWLSKw
1,Velane-Vere,Shubhapanturavarali,Koteeshwara-Iyer,45,https://www.youtube.com/watch?v=gthpr15TRcI&list=OLAK5uy_nBLZ0RFtF4CdultzaQe2dz90HSJ_VkdWQ&index=49
2,Velane-Vere,Shubhapanturavarali,Koteeshwara-Iyer,45,https://www.youtube.com/watch?v=LXN0fW5KL5Y
1,Paraamukham-Adeno,Shulini,Koteeshwara-Iyer,35,https://www.youtube.com/watch?v=BxhIa4JqPtk&list=OLAK5uy_nBLZ0RFtF4CdultzaQe2dz90HSJ_VkdWQ&index=62
2,Paraamukham-Adeno,Shulini,Koteeshwara-Iyer,35,https://www.youtube.com/watch?v=LOsYfbTlN_s
1,Kanda-Bhakta,Shyamalaangi,Koteeshwara-Iyer,55,https://www.youtube.com/watch?v=YPp1GlZ_1MQ&list=OLAK5uy_nBLZ0RFtF4CdultzaQe2dz90HSJ_VkdWQ&index=69
2,Kanda-Bhakta,Shyamalaangi,Koteeshwara-Iyer,55,https://www.youtube.com/watch?v=BbGH96fDT1c
1,Kamakshi-Kamakoti,Simhendra-Madhyamam,Mutthuswami-Dikshitar,57,https://www.youtube.com/watch?v=0Enlj-t0GXU
2,Kamakshi-Kamakoti,Simhendra-Madhyamam,Mutthuswami-Dikshitar,57,https://www.youtube.com/watch?v=ufNyBsEF9QM
1,Ninne-Nammithi,Simhendra-Madhyamam,Mysore-Vaasudevacharya,57,https://www.youtube.com/watch?v=Ub50UO8s_sg
2,Ninne-Nammithi,Simhendra-Madhyamam,Mysore-Vaasudevacharya,57,https://www.youtube.com/watch?v=31sXg4vhbyU
1,Rama-Rama-Gunasima,Simhendra-Madhyamam,Swati-Tirunal,57,https://www.youtube.com/watch?v=73NN2zQ4K3k
2,Rama-Rama-Gunasima,Simhendra-Madhyamam,Swati-Tirunal,57,https://www.youtube.com/watch?v=yDwbFD0xkuA
1,Manadirkughanda,Sindhu-Bhairavi,Tanjavur-Shankara-Iyer,10,https://www.youtube.com/watch?v=0m80LESBk80
2,Manadirkughanda,Sindhu-Bhairavi,Tanjavur-Shankara-Iyer,10,https://www.youtube.com/watch?v=a7E0CRcsvGM
1,Venkatachala-Nilayam,Sindhu-Bhairavi,Purandhara-Dhasa,10,https://www.youtube.com/watch?v=GgO_mPh4olU
2,Venkatachala-Nilayam,Sindhu-Bhairavi,Purandhara-Dhasa,10,https://www.youtube.com/watch?v=EjajO2BOLCg
1,Shri-Ganapathini,Sowrashtram,Thyagaraja,17,https://www.youtube.com/watch?v=nKcsX1HCv5s
2,Shri-Ganapathini,Sowrashtram,Thyagaraja,17,https://www.youtube.com/watch?v=Dfn4gMnWpm8
1,Suryamurthe,Sowrashtram,Mutthuswami-Dikshitar,17,https://www.youtube.com/watch?v=JnkRTdfLBL8&list=PLG_Yzqd_RqR0MjTbiWkXDwvqB4Z71o1qk&index=2&ab_channel=AmruthaVenkatesh
2,Suryamurthe,Sowrashtram,Mutthuswami-Dikshitar,17,https://www.youtube.com/watch?v=GzafW6BWjYw
1,Varalakshmim-Bhajare,Sowrashtram,Mutthuswami-Dikshitar,17,https://www.youtube.com/watch?v=88mSh3p1p6Y
2,Varalakshmim-Bhajare,Sowrashtram,Mutthuswami-Dikshitar,17,https://www.youtube.com/watch?v=qIzLBJE4YSk
1,Velu-Mayilume,Sucarithra,Koteeshwara-Iyer,67,https://www.youtube.com/watch?v=9eJ3c2H22lE&list=OLAK5uy_nBLZ0RFtF4CdultzaQe2dz90HSJ_VkdWQ&index=65
2,Velu-Mayilume,Sucarithra,Koteeshwara-Iyer,67,https://www.youtube.com/watch?v=DYm_AFqnJeo
1,Rama-Bhakti,Suddha-Bangala,Thyagaraja,22,https://www.youtube.com/watch?v=W8E8aya0eTA
2,Rama-Bhakti,Suddha-Bangala,Thyagaraja,22,https://www.youtube.com/watch?v=JkY5IYmYZGM
1,Tappagane-Vaccune,Suddha-Bangala,Thyagaraja,22,https://www.youtube.com/watch?v=izS5ImsuRnQ
2,Tappagane-Vaccune,Suddha-Bangala,Thyagaraja,22,https://www.youtube.com/watch?v=6qWm2b0U3q0
1,Entha-Nerchina,Suddha-Dhanyasi,Thyagaraja,22,https://www.youtube.com/watch?v=QUPA1e8QBZQ
2,Entha-Nerchina,Suddha-Dhanyasi,Thyagaraja,22,https://www.youtube.com/watch?v=NcOg6MCD9eE
1,Himagiri-Tanaye,Suddha-Dhanyasi,Muttiah-Bhagavathar,22,https://www.youtube.com/watch?v=6Qk7enruG4Y
2,Himagiri-Tanaye,Suddha-Dhanyasi,Muttiah-Bhagavathar,22,https://www.youtube.com/watch?v=1h9vrKVDnKU
1,Shri-Parthasarathy,Suddha-Dhanyasi,Mutthuswami-Dikshitar,22,https://www.youtube.com/watch?v=ryNgh4oqWSg
2,Shri-Parthasarathy,Suddha-Dhanyasi,Mutthuswami-Dikshitar,22,https://www.youtube.com/watch?v=cQiYHpLnoHc
1,Kalaharana,Suddha-Saveri,Thyagaraja,29,https://www.youtube.com/watch?v=v-7tibi4gHg
2,Kalaharana,Suddha-Saveri,Thyagaraja,29,https://www.youtube.com/watch?v=vqOKhCVSnR8
1,Thaye-Tripurasundhari,Suddha-Saveri,Periyasaami-Tooran,29,https://www.youtube.com/watch?v=lKP8zDy405k
2,Thaye-Tripurasundhari,Suddha-Saveri,Periyasaami-Tooran,29,https://www.youtube.com/watch?v=iB6gxFRNUqE
1,Geetharthamu,Suratti,Thyagaraja,28,https://www.youtube.com/watch?v=O9xRrQ0Cb00
2,Geetharthamu,Suratti,Thyagaraja,28,https://www.youtube.com/watch?v=-_6zvmxD1b4
1,Kanjam-Konjam,Suryakantham,Koteeshwara-Iyer,17,https://www.youtube.com/watch?v=DiDHdZk_eO4&list=OLAK5uy_nBLZ0RFtF4CdultzaQe2dz90HSJ_VkdWQ&index=56
2,Kanjam-Konjam,Suryakantham,Koteeshwara-Iyer,17,https://www.youtube.com/watch?v=lapc5nvEmdg
1,Iha-Para-Sukham,Suvarnangi,Koteeshwara-Iyer,47,https://www.youtube.com/watch?v=YiIuRYDNp20&list=OLAK5uy_nBLZ0RFtF4CdultzaQe2dz90HSJ_VkdWQ&index=25
2,Iha-Para-Sukham,Suvarnangi,Koteeshwara-Iyer,47,https://www.youtube.com/watch?v=zJfVi7k7ll0
1,Vaa-Velava,Taanarupini,Koteeshwara-Iyer,6,https://www.youtube.com/watch?v=YQQzicX8c0M&list=OLAK5uy_nBLZ0RFtF4CdultzaQe2dz90HSJ_VkdWQ&index=64
2,Vaa-Velava,Taanarupini,Koteeshwara-Iyer,6,https://www.youtube.com/watch?v=eUvOz8rzzAM
1,Jesinadella,Thodi,Thyagaraja,8,https://www.youtube.com/watch?v=MgeYqiPCNbc
2,Jesinadella,Thodi,Thyagaraja,8,https://www.youtube.com/watch?v=03QzZXgm9c8
1,Kaarthikeya-Gaangeya,Thodi,Papanasam-Shivan,8,https://www.youtube.com/watch?v=A0aPnaJrdBQ
2,Kaarthikeya-Gaangeya,Thodi,Papanasam-Shivan,8,https://www.youtube.com/watch?v=khfN-2iXgPY
1,Shri-Krishnan,Thodi,Mutthuswami-Dikshitar,8,https://www.youtube.com/watch?v=yWoxHW7AHQ4
2,Shri-Krishnan,Thodi,Mutthuswami-Dikshitar,8,https://www.youtube.com/watch?v=CEIGs1JWqGk
1,Rama-Rama-Rama-Rama,Tilaang,Purandhara-Dhasa,28,https://www.youtube.com/watch?v=5VDe6C9kIlw
2,Rama-Rama-Rama-Rama,Tilaang,Purandhara-Dhasa,28,https://www.youtube.com/watch?v=k2b9e3rF06w
1,Shri-Ganesha-Charanam,Tilaang,Papanasam-Shivan,28,https://www.youtube.com/watch?v=93JxnHJvkLE
2,Shri-Ganesha-Charanam,Tilaang,Papanasam-Shivan,28,https://www.youtube.com/watch?v=0uTxTFRYKPY
1,Ihapara-Sukhadayaka,Vaachaspati,Koteeshwara-Iyer,64,https://www.youtube.com/watch?v=xrK75WtSWj4&list=OLAK5uy_nBLZ0RFtF4CdultzaQe2dz90HSJ_VkdWQ&index=31
2,Ihapara-Sukhadayaka,Vaachaspati,Koteeshwara-Iyer,64,https://www.youtube.com/watch?v=UsLjYmDr9YE
1,Kantajudumi,Vaachaspati,Thyagaraja,64,https://www.youtube.com/watch?v=ek--ILgAHNY
2,Kantajudumi,Vaachaspati,Thyagaraja,64,https://www.youtube.com/watch?v=Grh1Rm3wd1c
1,Parathpara,Vaachaspati,Papanasam-Shivan,64,https://www.youtube.com/watch?v=lfgUqGNGUHQ
2,Parathpara,Vaachaspati,Papanasam-Shivan,64,https://www.youtube.com/watch?v=3kNriwNKGog
1,Nadanu-Santaana,Vagadishwari,Koteeshwara-Iyer,34,https://www.youtube.com/watch?v=1wIXFs9Zrs4&list=OLAK5uy_nBLZ0RFtF4CdultzaQe2dz90HSJ_VkdWQ&index=50
2,Nadanu-Santaana,Vagadishwari,Koteeshwara-Iyer,34,https://www.youtube.com/watch?v=5yltRX98ELY
1,Paramathmudu,Vagadishwari,Thyagaraja,34,https://www.youtube.com/watch?v=JjXMq_n-C5Q
2,Paramathmudu,Vagadishwari,Thyagaraja,34,https://www.youtube.com/watch?v=1dTvH5ADwmU
1,E-Ramuni,Vakulabharanam,Thyagaraja,14,https://www.youtube.com/watch?v=EHVKXMS7A2U
2,E-Ramuni,Vakulabharanam,Thyagaraja,14,https://www.youtube.com/watch?v=lYFO38kQLto
1,Nambinen-Ayya,Vakulabharanam,Koteeshwara-Iyer,14,https://www.youtube.com/watch?v=ndX6AIt27Ig&list=OLAK5uy_nBLZ0RFtF4CdultzaQe2dz90HSJ_VkdWQ&index=20
2,Nambinen-Ayya,Vakulabharanam,Koteeshwara-Iyer,14,https://www.youtube.com/watch?v=abSvAX0TutQ
1,Dasa-Nesha-Guheshane,Vanaspati,Koteeshwara-Iyer,4,https://www.youtube.com/watch?v=rBkv_uTX5nA&list=OLAK5uy_nBLZ0RFtF4CdultzaQe2dz90HSJ_VkdWQ&index=40
2,Dasa-Nesha-Guheshane,Vanaspati,Koteeshwara-Iyer,4,https://www.youtube.com/watch?v=rK3H1fpjEbQ
1,Pariyachakama,Vanaspati,Thyagaraja,4,https://www.youtube.com/watch?v=L2DE--TBKGo
2,Pariyachakama,Vanaspati,Thyagaraja,4,https://www.youtube.com/watch?v=eIQe-V-U-uw
1,Vanadurge,Vanaspati,Muttiah-Bhagavathar,4,https://www.youtube.com/watch?v=vZsk5Nb-rSg
2,Vanadurge,Vanaspati,Muttiah-Bhagavathar,4,https://www.youtube.com/watch?v=yP9j_s0Zcuc
1,Eti-Janma,Varali,Thyagaraja,39,https://www.youtube.com/watch?v=xnFDLGJdpq0
2,Eti-Janma,Varali,Thyagaraja,39,https://www.youtube.com/watch?v=9fHVa1rWKjk
1,Kaa-Vaa-Vaa,Varali,Papanasam-Shivan,39,https://www.youtube.com/watch?v=Lr02Fe93vcM
2,Kaa-Vaa-Vaa,Varali,Papanasam-Shivan,39,https://www.youtube.com/watch?v=O61Z2aNyKR8
1,Kanaka-Na-Ruchira,Varali,Thyagaraja,39,https://www.youtube.com/watch?v=MDhkLc7BdkA
2,Kanaka-Na-Ruchira,Varali,Thyagaraja,39,https://www.youtube.com/watch?v=rWBHP8LK8RE
1,Shringara-Kumara,Varunapriya,Koteeshwara-Iyer,24,https://www.youtube.com/watch?v=-zQ6MNNpbrw&list=OLAK5uy_nBLZ0RFtF4CdultzaQe2dz90HSJ_VkdWQ&index=70
2,Shringara-Kumara,Varunapriya,Koteeshwara-Iyer,24,https://www.youtube.com/watch?v=KP4jugMsGY8
1,Mal-Maruga,Vasantha,Papanasam-Shivan,17,https://www.youtube.com/watch?v=EKeTAIqrF40
2,Mal-Maruga,Vasantha,Papanasam-Shivan,17,https://www.youtube.com/watch?v=76cPz1fb5-M
1,Natanam-Adinar,Vasantha,Gopaalakrishna-Bharatiyar,17,https://www.youtube.com/watch?v=auQX7TDCzKE
2,Natanam-Adinar,Vasantha,Gopaalakrishna-Bharatiyar,17,https://www.youtube.com/watch?v=pxHX9aepdbE
1,Seethama-Mayama,Vasantha,Thyagaraja,17,https://www.youtube.com/watch?v=L3hpAgT5W3Y
2,Seethama-Mayama,Vasantha,Thyagaraja,17,https://www.youtube.com/watch?v=cNAi3HzLz-Y
1,Paramananda-Bhakti,Vishvambhari,Koteeshwara-Iyer,54,https://www.youtube.com/watch?v=LsnpQGdgBsw&list=OLAK5uy_nBLZ0RFtF4CdultzaQe2dz90HSJ_VkdWQ&index=11
2,Paramananda-Bhakti,Vishvambhari,Koteeshwara-Iyer,54,https://www.youtube.com/watch?v=8MojOb6rpzM
1,Hecherika-Ga,Yadukula-Khamboji,Thyagaraja,28,https://www.youtube.com/watch?v=b28SG-bHkjA
2,Hecherika-Ga,Yadukula-Khamboji,Thyagaraja,28,https://www.youtube.com/watch?v=vlkatCpiZ7k
1,Shambho-Sadashiva,Yagapriya,Koteeshwara-Iyer,31,https://www.youtube.com/watch?v=gMy3-HRJhWA&list=OLAK5uy_nBLZ0RFtF4CdultzaQe2dz90HSJ_VkdWQ&index=14
2,Shambho-Sadashiva,Yagapriya,Koteeshwara-Iyer,31,https://www.youtube.com/watch?v=RL-KRLTo7DA
1,Krishna-Nee-Begane,Yamuna-Kalyani,Vyaasaraya,65,https://www.youtube.com/watch?v=iYSDedbECG8
2,Krishna-Nee-Begane,Yamuna-Kalyani,Vyaasaraya,65,https://www.youtube.com/watch?v=rByL0EK0-IE
1,Bhavayami-Yamuna,Yamuna-Kalyani,Annamachaarya,65,https://www.youtube.com/watch?v=i5COz5vKa1A
2,Bhavayami-Yamuna,Yamuna-Kalyani,Annamachaarya,65,https://www.youtube.com/watch?v=2vP0M8OSDKg